codigo,nivel,codigo_padre,descripcion,unidad_medida,plantilla,activa,origen
01000000,4,,PRELIMINARES,,EDIFICACION,true,MAESTRO
01001000,5,01000000,LOCALIZACION,,EDIFICACION,true,MAESTRO
01001001,8,01001000,COMISION-ALQ. EQUIPO,,EDIFICACION,true,MAESTRO
01001001.1001,10,01001001,PREL ALQ EQUIPO TOPOGRAFICO,UN,EDIFICACION,true,MAESTRO
01001001.1002,10,01001001,PREL COMISION TOPOGRAFICA,UN,EDIFICACION,true,MAESTRO
01001999,8,01001000,ACTIVIDADES VARIAS,,EDIFICACION,true,MAESTRO
01001999.1001,10,01001999,CIMEN ACTIVIDADES VARIAS AY,M3,EDIFICACION,true,MAESTRO
02000000,4,,CIMENTACION,,EDIFICACION,true,MAESTRO
02001000,5,02000000,EXCAVACIONES Y RELLENOS,,EDIFICACION,true,MAESTRO
02001001,8,02001000,EXC A MANO Y PRELIMIN,,EDIFICACION,true,MAESTRO
02001001.1001,10,02001001,PRE LOCALIZACION-REPLANT/EJES,M2,EDIFICACION,true,MAESTRO
02001001.1002,10,02001001,"CIMEN EXC A MANO <2,5m",M3,EDIFICACION,true,MAESTRO
02001001.1003,10,02001001,"CIMEN EXC A MANO >2,5m",M3,EDIFICACION,true,MAESTRO
02001001.1004,10,02001001,"CIMEN EXCAVACION EN ROCA <2,5m",M3,EDIFICACION,true,MAESTRO
02001001.1005,10,02001001,"CIMEN EXCAVACION EN ROCA >2,5m",M3,EDIFICACION,true,MAESTRO
02001001.1006,10,02001001,CIMEN SOLADO,M2,EDIFICACION,true,MAESTRO
02001001.1007,10,02001001,CIMEN SUP RETIRO TIERR EXC,M3,EDIFICACION,true,MAESTRO
02001006,8,02001000,RELLENOS,,EDIFICACION,true,MAESTRO
02001006.1001,10,02001006,CIMEN RELLENOS,M3,EDIFICACION,true,MAESTRO
02001006.1002,10,02001006,CIMEN RELLENOS ACARREO MATER,M3,EDIFICACION,true,MAESTRO
02001006.1003,10,02001006,CIMEN RELL MEJORAMIENTO SUELO,M3,EDIFICACION,true,MAESTRO
02001006.1004,10,02001006,CIMEN GEOMALL/GEOTX MEJ SUELO,M2,EDIFICACION,true,MAESTRO
02002000,5,02000000,CIMENTACION SUPERFICIAL,,EDIFICACION,true,MAESTRO
02002005,8,02002000,CONCRETO VIGAS-ZAPATAS,,EDIFICACION,true,MAESTRO
02002005.1001,10,02002005,CIMEN CONC VIGA 0.35< h< 1.2m,M3,EDIFICACION,true,MAESTRO
02002005.1002,10,02002005,CIMEN CONCRETO VIGAS H:>1.2m,M3,EDIFICACION,true,MAESTRO
02002005.1004,10,02002005,CIMEN CONCRETO ZAPATAS,M3,EDIFICACION,true,MAESTRO
02002005.1005,10,02002005,CIMEN PROF CONC DADOS PILOTAJE,M3,EDIFICACION,true,MAESTRO
02002005.1006,10,02002005,CIMEN FOSO ASCENSOR PLACA,M3,EDIFICACION,true,MAESTRO
02002005.1007,10,02002005,CIMEN FOSO ASCENSOR MUROS,M3,EDIFICACION,true,MAESTRO
02002005.1008,10,02002005,CIMEN CONCRETO CICLOPEO,M3,EDIFICACION,true,MAESTRO
02002005.1009,10,02002005,CIMEN PLACA ALIGERA H>1m,M2,EDIFICACION,true,MAESTRO
02002005.1010,10,02002005,"CIMEN LOSA DE CIMENTAC H>0,25",M3,EDIFICACION,true,MAESTRO
02002005.1011,10,02002005,CIMEN IMPERMEA MUROS DE ARRANQUE,M2,EDIFICACION,true,MAESTRO
02002005.1012,10,02002005,CIMEN CONC VIGA h<0.35,ML,EDIFICACION,true,MAESTRO
02002006,8,02002000,PLACA ANTEPISO,,EDIFICACION,true,MAESTRO
02002006.1004,10,02002006,"ANTEPISO PLACA CONCRE H: <0,25",M2,EDIFICACION,true,MAESTRO
02002006.1005,10,02002006,SOBREPLACA ALIGERADA,M2,EDIFICACION,true,MAESTRO
02002006.1006,10,02002006,RAMPA SOBRE TERRENO,M2,EDIFICACION,true,MAESTRO
02002006.1007,10,02002006,RAMPA AEREA  ANTEPISO,M2,EDIFICACION,true,MAESTRO
02002999,8,02002000,ACTIVIDADES VARIAS,,EDIFICACION,true,MAESTRO
02002999.1001,10,02002999,CIMEN ACTIVIDADES VARIAS AY,UN,EDIFICACION,true,MAESTRO
02002999.1002,10,02002999,CIMEN ACTIVIDADES VARIAS OF,UN,EDIFICACION,true,MAESTRO
02004000,5,02000000,CIMENTACION PROFUNDA,,EDIFICACION,true,MAESTRO
02004006,8,02004000,PILOTES,,EDIFICACION,true,MAESTRO
02004006.1001,10,02004006,CIMEN PROF PILOTES 0.3,ML,EDIFICACION,true,MAESTRO
02004006.1002,10,02004006,CIMEN PROF PILOTES 0.4,ML,EDIFICACION,true,MAESTRO
02004006.1003,10,02004006,CIMEN PROF PILOTES 0.5,ML,EDIFICACION,true,MAESTRO
02004006.1004,10,02004006,CIMEN PROF PILOTES 0.6,ML,EDIFICACION,true,MAESTRO
02004006.1005,10,02004006,CIMEN PROF PILOTES 0.7,ML,EDIFICACION,true,MAESTRO
02004006.1006,10,02004006,CIMEN PROF PILOTES 0.8,ML,EDIFICACION,true,MAESTRO
02004006.1007,10,02004006,CIMEN PROF PILOTES 0.9,ML,EDIFICACION,true,MAESTRO
02004006.1008,10,02004006,CIMEN PROF PILOTES 1.0,ML,EDIFICACION,true,MAESTRO
02004006.1009,10,02004006,CIMEN PROF PILOTES 0.25,ML,EDIFICACION,true,MAESTRO
02004006.1011,10,02004006,CIMEN PROF PREHUECOS PILOTES,UN,EDIFICACION,true,MAESTRO
02004006.1012,10,02004006,CIMEN PROF DESCABECE PILOTES,M3,EDIFICACION,true,MAESTRO
02004006.1014,10,02004006,CIMEN PROF RETIRO DE LODOS,M3,EDIFICACION,true,MAESTRO
02004006.1015,10,02004006,CIMEN PROF CAISSONS D:1.2,ML,EDIFICACION,true,MAESTRO
02004006.1016,10,02004006,CIMEN PROF CAISSONS D:1.8,ML,EDIFICACION,true,MAESTRO
02004006.1017,10,02004006,CIMEN PROF CAISSONS D:2.1,ML,EDIFICACION,true,MAESTRO
02004006.1018,10,02004006,CIMEN PROF CAISSONS D:2.2,ML,EDIFICACION,true,MAESTRO
02004007,8,02004000,PANTALLAS Y BARRETES,,EDIFICACION,true,MAESTRO
02004007.1001,10,02004007,CIMEN PANTALLA/BARRETES 0.25,M2,EDIFICACION,true,MAESTRO
02004007.1002,10,02004007,CIMEN PANTALLA/BARRETES 0.3,M2,EDIFICACION,true,MAESTRO
02004007.1003,10,02004007,CIMEN PANTALLA/BARRETES 0.35,M2,EDIFICACION,true,MAESTRO
02004007.1004,10,02004007,CIMEN PANTALLA/BARRETES 0.4,M2,EDIFICACION,true,MAESTRO
02004007.1011,10,02004007,CIMEN DESCABECE PANT/BARRETES,M3,EDIFICACION,true,MAESTRO
02004007.1012,10,02004007,CIMEN PROF VIGA CORONA,M3,EDIFICACION,true,MAESTRO
02004007.1013,10,02004007,CIMEN PROF VIGA GUIA,ML,EDIFICACION,true,MAESTRO
02007000,5,02000000,CIMENTACION TORRE GRUA,,EDIFICACION,true,MAESTRO
02007001,8,02007000,CIMENTACION TORRE GRUA,,EDIFICACION,true,MAESTRO
02007001.1001,10,02007001,GRUA CIMEN TORRE GRUA,UN,EDIFICACION,true,MAESTRO
02008000,5,02000000,FORMALETA CIMENTACION,,EDIFICACION,true,MAESTRO
02008001,8,02008000,FORMALETA GL,,EDIFICACION,true,MAESTRO
02008001.1001,10,02008001,CIMEN FORMALETA VIGAS,GL,EDIFICACION,true,MAESTRO
02008001.1002,10,02008001,CIMEN FORMALETA TRANSPORTE,GL,EDIFICACION,true,MAESTRO
02009000,5,02000000,EQUIPOS CIMENTACION,,EDIFICACION,true,MAESTRO
02009001,8,02009000,EQUIPOS DE OBRA,,EDIFICACION,true,MAESTRO
02009001.1001,10,02009001,CIMEN ALQUILER MOTOBOMBA,MES,EDIFICACION,true,MAESTRO
02009001.1002,10,02009001,CIMEN ALQ WINCHE DESCAR HIERRO,HORA,EDIFICACION,true,MAESTRO
02009001.1003,10,02009001,CIMEN TRANSPORTE EQUIPOS,GL,EDIFICACION,true,MAESTRO
02009001.1004,10,02009001,CIMEN EQUIPOS,GL,EDIFICACION,true,MAESTRO
02009002,8,02009000,OPERADORES EQUIPOS,,EDIFICACION,true,MAESTRO
02009002.1001,10,02009002,CIMEN OPERADOR MOTOBOMBA,MES,EDIFICACION,true,MAESTRO
03000000,4,,DESAGUES SUBTERRANEOS,,EDIFICACION,true,MAESTRO
03002000,5,03000000,CAJAS DE INSPECCION,,EDIFICACION,true,MAESTRO
03002001,8,03002000,CAJAS DE INSPECCION,,EDIFICACION,true,MAESTRO
03002001.1001,10,03002001,CAJA DE INSPECCION >1,UN,EDIFICACION,true,MAESTRO
03002001.1002,10,03002001,CAJA DE INSPECCION 0.6 a 1,UN,EDIFICACION,true,MAESTRO
03003000,5,03000000,DESAGUES,,EDIFICACION,true,MAESTRO
03003001,8,03003000,DESAGUE TUBERIA PVC,,EDIFICACION,true,MAESTRO
03003001.1090,10,03003001,"DESAGUES TUBERIA PVC 2-3-4""",ML,EDIFICACION,true,MAESTRO
03003001.1091,10,03003001,"DESAGUES TUBERIA PVC 6""",ML,EDIFICACION,true,MAESTRO
03003001.1092,10,03003001,"DESAGUES TUBERIA PVC2-3-4"" ALL",ML,EDIFICACION,true,MAESTRO
03003001.1093,10,03003001,"DESAGUES TUBERIA PVC 6"" ALL",ML,EDIFICACION,true,MAESTRO
03003001.1097,10,03003001,DESAGUES  PRUEBA ESTANQUEIDAD,UN,EDIFICACION,true,MAESTRO
04000000,4,,MAMPOSTERIA,,EDIFICACION,true,MAESTRO
04001000,5,04000000,MAMPOSTERIA,,EDIFICACION,true,MAESTRO
04001001,8,04001000,MAMPOSTERIA,,EDIFICACION,true,MAESTRO
04001001.1001,10,04001001,MAMP EXTRUBLOCK M2,M2,EDIFICACION,true,MAESTRO
04001001.1002,10,04001001,MAMP PRENSADO LIVIANO,M2,EDIFICACION,true,MAESTRO
04001001.1003,10,04001001,MAMP PORTANTE LIVIANO,M2,EDIFICACION,true,MAESTRO
04001001.1004,10,04001001,MAMP GRAN FORMATO M2,M2,EDIFICACION,true,MAESTRO
04001001.1005,10,04001001,MAMP N5 MEDIO FACHADA,M2,EDIFICACION,true,MAESTRO
04001001.1006,10,04001001,MAMP H-10 CEMENTO M2,M2,EDIFICACION,true,MAESTRO
04001001.1007,10,04001001,MAMP E-9 M2,M2,EDIFICACION,true,MAESTRO
04001001.1008,10,04001001,MAMP E-14 M2,M2,EDIFICACION,true,MAESTRO
04001001.1009,10,04001001,MAMP H-10 ARCILLA M2,M2,EDIFICACION,true,MAESTRO
04001001.1010,10,04001001,MAMP H-10 ARCILLA>2.5M,M2,EDIFICACION,true,MAESTRO
04001001.1011,10,04001001,MAMP H-15 ARCILLA M2,M2,EDIFICACION,true,MAESTRO
04001001.1012,10,04001001,MAMP BLOQUE N5 INT M2,M2,EDIFICACION,true,MAESTRO
04001001.1013,10,04001001,MAMP BLOQUE N3 INT M2,M2,EDIFICACION,true,MAESTRO
04001001.1014,10,04001001,MAMP BUITRONES MAMP SUCIO M2,M2,EDIFICACION,true,MAESTRO
04001001.1015,10,04001001,MAMP BLOQUE N4 INT M2,M2,EDIFICACION,true,MAESTRO
04001001.1016,10,04001001,MAMP BLOQUE EST 12-29 M2,M2,EDIFICACION,true,MAESTRO
04001001.1017,10,04001001,MAMP VIGA CINTA H:25cm,ML,EDIFICACION,true,MAESTRO
04001001.1018,10,04001001,MAMP BLOQUE 10-20-30 M2,M2,EDIFICACION,true,MAESTRO
04001001.1019,10,04001001,MAMP BLOQUE 11.5-23-33 M2,M2,EDIFICACION,true,MAESTRO
04001001.1020,10,04001001,MAMP FACHADA B10-20-30 M2,M2,EDIFICACION,true,MAESTRO
04001001.1021,10,04001001,MAMP E-11 M2,M2,EDIFICACION,true,MAESTRO
04001001.1022,10,04001001,MAMP BLOQUE H-7 M2,M2,EDIFICACION,true,MAESTRO
04001001.1023,10,04001001,MAMP BLOQUE N4 PV M2,M2,EDIFICACION,true,MAESTRO
04001001.1024,10,04001001,MAMP BLOQUE CONC BL12 PV M2,M2,EDIFICACION,true,MAESTRO
04001001.1025,10,04001001,MAMP U-10 M2,M2,EDIFICACION,true,MAESTRO
04001001.1026,10,04001001,MAMP U-7 M2,M2,EDIFICACION,true,MAESTRO
04001001.1027,10,04001001,MAMP BLOQUE N6 M2,M2,EDIFICACION,true,MAESTRO
04001001.1050,10,04001001,MAMP PISANTE EN LIMPIO,ML,EDIFICACION,true,MAESTRO
04001001.1051,10,04001001,MAMP CASTILLOS ML,ML,EDIFICACION,true,MAESTRO
04001001.1052,10,04001001,MAMP TAQUETES UND,UN,EDIFICACION,true,MAESTRO
04001001.1053,10,04001001,MAMP COLUMNETA,ML,EDIFICACION,true,MAESTRO
04001001.1054,10,04001001,MAMP VIGA CINTA,ML,EDIFICACION,true,MAESTRO
04001001.1055,10,04001001,MAMP DINTEL SOLO HIERRO,ML,EDIFICACION,true,MAESTRO
04001001.1056,10,04001001,MAMP RAM,ML,EDIFICACION,true,MAESTRO
04001001.1058,10,04001001,MAMP CANCHADO ANTEP BLOQUE,ML,EDIFICACION,true,MAESTRO
04001001.1061,10,04001001,MAMP DILATACION PLACA,ML,EDIFICACION,true,MAESTRO
04001001.1062,10,04001001,MAMP PIEDRA MESON /LAVADERO UN,UN,EDIFICACION,true,MAESTRO
04001001.1064,10,04001001,MURO LIMPIEZA PVC,M2,EDIFICACION,true,MAESTRO
04001001.1065,10,04001001,MAMP DILATACION MURO,ML,EDIFICACION,true,MAESTRO
04001001.1066,10,04001001,MAMP COLUMNETA >2.5M,ML,EDIFICACION,true,MAESTRO
04001001.1067,10,04001001,MAMP DETALLADA Y EMBONE VIS,UN,EDIFICACION,true,MAESTRO
04001001.1068,10,04001001,MAMP ANCLAJE UND,UN,EDIFICACION,true,MAESTRO
04001001.1069,10,04001001,MAMP ANCLAJE CASTILLOS,UN,EDIFICACION,true,MAESTRO
04001001.1070,10,04001001,MAMP NICHO DUCHAS,UN,EDIFICACION,true,MAESTRO
04001001.1071,10,04001001,MURO LIMPIEZA MAMPOSTERIA,M2,EDIFICACION,true,MAESTRO
04001001.1072,10,04001001,MAMP ALQ CORTADORA LADRIL,MES,EDIFICACION,true,MAESTRO
04001001.1073,10,04001001,MAMP OPERADOR MALACATERO,MES,EDIFICACION,true,MAESTRO
04001001.1074,10,04001001,MAMP OPERADOR CORTADORA LADR.,MES,EDIFICACION,true,MAESTRO
04001001.1075,10,04001001,MAMP ARMADA ANDAMIOS,UN,EDIFICACION,true,MAESTRO
04001001.1078,10,04001001,MAMP ACARREO MATERIAL,M2,EDIFICACION,true,MAESTRO
04001999,8,04001000,ACTIVIDADES VARIAS,,EDIFICACION,true,MAESTRO
04001999.1001,10,04001999,MAMP ACTIVIDADES VARIAS AY,UN,EDIFICACION,true,MAESTRO
04001999.1002,10,04001999,MAMP ACTIVIDADES VARIAS OF,UN,EDIFICACION,true,MAESTRO
04002000,5,04000000,MAMP PFIJO/CMAQ/CUB,,EDIFICACION,true,MAESTRO
04002001,8,04002000,MAMPOSTERIA,,EDIFICACION,true,MAESTRO
04002001.1101,10,04002001,MAMP PFIJO EXTRUBLOCK M2,M2,EDIFICACION,true,MAESTRO
04002001.1102,10,04002001,MAMP PFIJO PRENSADO LIVIANO,M2,EDIFICACION,true,MAESTRO
04002001.1103,10,04002001,MAMP PFIJO PORTANTE LIVIANO,M2,EDIFICACION,true,MAESTRO
04002001.1104,10,04002001,MAMP PFIJO GRAN FORMATO M2,M2,EDIFICACION,true,MAESTRO
04002001.1105,10,04002001,MAMP PFIJO N5 FACHADA,M2,EDIFICACION,true,MAESTRO
04002001.1106,10,04002001,MAMP PFIJO H-10 CEMENTO M2,M2,EDIFICACION,true,MAESTRO
04002001.1107,10,04002001,MAMP PFIJO E-9 M2,M2,EDIFICACION,true,MAESTRO
04002001.1108,10,04002001,MAMP PFIJO E-14 M2,M2,EDIFICACION,true,MAESTRO
04002001.1109,10,04002001,MAMP PFIJO H-10 ARCILLA M2,M2,EDIFICACION,true,MAESTRO
04002001.1110,10,04002001,MAMP PFIJO H-10 ARCILLA>2.5M,M2,EDIFICACION,true,MAESTRO
04002001.1111,10,04002001,MAMP PFIJO H-15 ARCILLA M2,M2,EDIFICACION,true,MAESTRO
04002001.1112,10,04002001,MAMP PFIJO BLOQUE N5 INT M2,M2,EDIFICACION,true,MAESTRO
04002001.1113,10,04002001,MAMP PFIJO BLOQUE N3 INT M2,M2,EDIFICACION,true,MAESTRO
04002001.1114,10,04002001,MAMP PFIJO BUITRON MAMP SUCIO,M2,EDIFICACION,true,MAESTRO
04002001.1115,10,04002001,MAMP PFIJO GABINETE  INC FRISO,M2,EDIFICACION,true,MAESTRO
04002001.1116,10,04002001,MAMP PFIJO MARCO ASC INC FRISO,M2,EDIFICACION,true,MAESTRO
04002001.1117,10,04002001,MAMP PFIJO PROVISIONAL FOSO,M2,EDIFICACION,true,MAESTRO
04002001.1118,10,04002001,MAMP PFIJO BLOQUE N4 INT M2,M2,EDIFICACION,true,MAESTRO
04002001.1119,10,04002001,MAMP PFIJO BLOQUE EST 12-29 M2,M2,EDIFICACION,true,MAESTRO
04002001.1120,10,04002001,MAMP PFIJO CANCHADO ANTEP,M2,EDIFICACION,true,MAESTRO
04002001.1121,10,04002001,MAMP PFIJO BLOQUE 10-20-30 M2,M2,EDIFICACION,true,MAESTRO
04002001.1122,10,04002001,MAMP PFIJO BLOQUE 11.5-23-33,M2,EDIFICACION,true,MAESTRO
04002001.1123,10,04002001,MAMP PFIJO ANCLAJE UND,M2,EDIFICACION,true,MAESTRO
04002001.1124,10,04002001,MAMP PFIJO ANCLAJE CASTILLOS,M2,EDIFICACION,true,MAESTRO
04002001.1125,10,04002001,MAMP PFIJO E-11 M2,M2,EDIFICACION,true,MAESTRO
04002001.1126,10,04002001,MAMP PFIJO U-10 M2,M2,EDIFICACION,true,MAESTRO
04002001.1151,10,04002001,MAMP PFIJO CASTILLOS ML,ML,EDIFICACION,true,MAESTRO
04002001.1152,10,04002001,MAMP PFIJO COLUMNETA,ML,EDIFICACION,true,MAESTRO
04002001.1153,10,04002001,MAMP PFIJO VIGA CINTA,ML,EDIFICACION,true,MAESTRO
04002001.1154,10,04002001,MAMP PFIJO DINTEL SOLO HIERRO,ML,EDIFICACION,true,MAESTRO
04002001.1155,10,04002001,MAMP PFIJO RAM,ML,EDIFICACION,true,MAESTRO
04002001.1156,10,04002001,MAMP PFIJO HUECO BOTONERA,UN,EDIFICACION,true,MAESTRO
04002001.1159,10,04002001,MAMP PFIJO VIGA CINTA H:25cm,ML,EDIFICACION,true,MAESTRO
04002001.1160,10,04002001,MAMP CUB TAPA BUITRON,UN,EDIFICACION,true,MAESTRO
04002001.1161,10,04002001,MAMP PFIJO PISANTE EN LIMPIO,ML,EDIFICACION,true,MAESTRO
04002001.1162,10,04002001,MAMP PFIJO DILATACIONES,ML,EDIFICACION,true,MAESTRO
04002001.1163,10,04002001,EST ALFAGIA DOBLE CONCR CUB,ML,EDIFICACION,true,MAESTRO
04002001.1164,10,04002001,EST ALFAGIA  CONCR CUB,ML,EDIFICACION,true,MAESTRO
04002001.1165,10,04002001,MAMP PFIJO BLOQUE H-7 M2,M2,EDIFICACION,true,MAESTRO
04002001.1166,10,04002001,MAMP LLENADO PTA CORTAFUEGO,UN,EDIFICACION,true,MAESTRO
04002001.1167,10,04002001,MAMP PFIJO ACARREO MATERIAL,M2,EDIFICACION,true,MAESTRO
04006000,5,04000000,ENCHAPES MAMPOSTERIA,,EDIFICACION,true,MAESTRO
04006002,8,04006000,ENCHAPE FACHALETA EXT,,EDIFICACION,true,MAESTRO
04006002.1401,10,04006002,MAMP FACHALETA EXT ML,ML,EDIFICACION,true,MAESTRO
04006002.1402,10,04006002,MAMP ENCHAPE FACHALETA M2,M2,EDIFICACION,true,MAESTRO
04007000,5,04000000,OTROS MUROS,,EDIFICACION,true,MAESTRO
04007001,8,04007000,MUROS SUPERBOARD,,EDIFICACION,true,MAESTRO
04007001.1001,10,04007001,M.SECO SUPERBOARD 1C M2,M2,EDIFICACION,true,MAESTRO
04007001.1002,10,04007001,M.SECO SUPERBOARD 1C ML,ML,EDIFICACION,true,MAESTRO
04007001.1003,10,04007001,M.SECO SUPERBOARD 2C M2,M2,EDIFICACION,true,MAESTRO
04007001.1004,10,04007001,M.SECO SUPERBOARD 2C ML,ML,EDIFICACION,true,MAESTRO
04007001.1005,10,04007001,M.SECO DRYWALL 1C M2,M2,EDIFICACION,true,MAESTRO
04007001.1006,10,04007001,M.SECO DRYWALL 1C ML,ML,EDIFICACION,true,MAESTRO
04007001.1007,10,04007001,M.SECO DRYWALL 2C M2,M2,EDIFICACION,true,MAESTRO
04007001.1008,10,04007001,M.SECO DRYWALL 2C ML,ML,EDIFICACION,true,MAESTRO
04007001.1009,10,04007001,M.SECO SUPER /DRYWALL2C M2,M2,EDIFICACION,true,MAESTRO
04007001.1010,10,04007001,M.SECO SUPER/DRYWALL 2C ML,ML,EDIFICACION,true,MAESTRO
04007001.1011,10,04007001,M.SECO TAPA SUPERBOARD ML,ML,EDIFICACION,true,MAESTRO
04007001.1012,10,04007001,M.SECO TAPA DRYWALL ML,ML,EDIFICACION,true,MAESTRO
04007001.1013,10,04007001,M.SECO SUPERB ENTRE TORR ML,ML,EDIFICACION,true,MAESTRO
04007001.1014,10,04007001,M.SECO SUPERB ENTRE TORR M2,M2,EDIFICACION,true,MAESTRO
04007001.1015,10,04007001,LAMINA METALICA BUITRON ML,ML,EDIFICACION,true,MAESTRO
04007001.1016,10,04007001,MURO DURAPANEL e: 7 cm  2C,M2,EDIFICACION,true,MAESTRO
04007001.1017,10,04007001,MURO DURAPANEL e: 12 cm 2C,M2,EDIFICACION,true,MAESTRO
04007001.1018,10,04007001,MURO DURAPANEL e: 7 cm 1C,M2,EDIFICACION,true,MAESTRO
04007001.1019,10,04007001,MURO DURAPANEL e: 12 cm 1C,M2,EDIFICACION,true,MAESTRO
04007001.1020,10,04007001,M.SECO DRYW 2C+FRESCASA M2,M2,EDIFICACION,true,MAESTRO
04007001.1021,10,04007001,M.SECO SPB /DRYW +FRESC 2C M2,M2,EDIFICACION,true,MAESTRO
04007001.1022,10,04007001,M.SECO SPB 2C +FRESC M2,M2,EDIFICACION,true,MAESTRO
04007003,8,04007000,MUROS SUPERBOARD PFIJO,,EDIFICACION,true,MAESTRO
04007003.1101,10,04007003,M.SECO PF SUPERBOARD 1C M2,M2,EDIFICACION,true,MAESTRO
04007003.1102,10,04007003,M.SECO PF SUPERBOARD 1C ML,ML,EDIFICACION,true,MAESTRO
04007003.1103,10,04007003,M.SECO PF SUPERBOARD 2C M2,M2,EDIFICACION,true,MAESTRO
04007003.1104,10,04007003,M.SECO PF SUPERBOARD 2C ML,ML,EDIFICACION,true,MAESTRO
04007003.1105,10,04007003,M.SECO PF DRYWALL 1C M2,M2,EDIFICACION,true,MAESTRO
04007003.1106,10,04007003,M.SECO PF DRYWALL 1C ML,ML,EDIFICACION,true,MAESTRO
04007003.1107,10,04007003,M.SECO PF DRYWALL 2C M2,M2,EDIFICACION,true,MAESTRO
04007003.1108,10,04007003,M.SECO PF DRYWALL 2C ML,ML,EDIFICACION,true,MAESTRO
04007003.1109,10,04007003,M.SECO PF SUPER /DRYWALL2C M2,M2,EDIFICACION,true,MAESTRO
04007003.1110,10,04007003,M.SECO PF SUPER/DRYWALL2C ML,ML,EDIFICACION,true,MAESTRO
04007003.1111,10,04007003,M.SECO PF TAPA SUPERBOARD ML,ML,EDIFICACION,true,MAESTRO
04007003.1112,10,04007003,M.SECO PF TAPA DRYWALL ML,ML,EDIFICACION,true,MAESTRO
04007003.1113,10,04007003,MURO PF DURAPANEL e: 7 cm 2C,M2,EDIFICACION,true,MAESTRO
04007003.1114,10,04007003,MURO PF DURAPANEL e: 12 cm 2C,M2,EDIFICACION,true,MAESTRO
04007003.1115,10,04007003,MURO PF DURAPANEL e: 7 cm 1C,M2,EDIFICACION,true,MAESTRO
04007003.1116,10,04007003,MURO PF DURAPANEL e: 12 cm 1C,M2,EDIFICACION,true,MAESTRO
04008000,5,04000000,LAVADA Y PROTECCION,,EDIFICACION,true,MAESTRO
04008001,8,04008000,LAVADA E IMPERMEAB.,,EDIFICACION,true,MAESTRO
04008001.1001,10,04008001,MAMP-LAVADA E IMPER FACHADA,M2,EDIFICACION,true,MAESTRO
04008001.1002,10,04008001,MAMP LAVADA MAMP INTERNA,M2,EDIFICACION,true,MAESTRO
05000000,4,,PAÑETES,,EDIFICACION,true,MAESTRO
05002000,5,05000000,FRISOS INTERIORES,,EDIFICACION,true,MAESTRO
05002001,8,05002000,FRISOS INTERIORES,,EDIFICACION,true,MAESTRO
05002001.1001,10,05002001,FRISO,M2,EDIFICACION,true,MAESTRO
05002001.1002,10,05002001,FRISO BAJO PLACA,M2,EDIFICACION,true,MAESTRO
05002001.1005,10,05002001,FRISO CHAFARREO,M2,EDIFICACION,true,MAESTRO
05002001.1006,10,05002001,FRISO CANTO/EMBONE,ML,EDIFICACION,true,MAESTRO
05002001.1007,10,05002001,FRISO IMPERMEAB PATERAS,M2,EDIFICACION,true,MAESTRO
05002001.1008,10,05002001,FRISO GOTEROS,ML,EDIFICACION,true,MAESTRO
05002001.1009,10,05002001,FRISO CINTA VENTANAS,ML,EDIFICACION,true,MAESTRO
05002001.1010,10,05002001,FRISO IMPERMEABILIZADO,M2,EDIFICACION,true,MAESTRO
05002001.1011,10,05002001,FRISO M2 >2.5M,M2,EDIFICACION,true,MAESTRO
05002001.1012,10,05002001,FRISO ACRILICO,M2,EDIFICACION,true,MAESTRO
05002001.1013,10,05002001,FRISO MALACATERO MES,MES,EDIFICACION,true,MAESTRO
05002001.1014,10,05002001,FRISO DETALLADA APTO NVIS,UN,EDIFICACION,true,MAESTRO
05002001.1015,10,05002001,FRISO FACHADA,M2,EDIFICACION,true,MAESTRO
05002001.1016,10,05002001,FRISO CHAFARREO FACHADA,M2,EDIFICACION,true,MAESTRO
05002001.1017,10,05002001,FRISO FACHADA DILATACION,ML,EDIFICACION,true,MAESTRO
05002001.1018,10,05002001,FRISO FACHADA ARMADA ANDAMIOS,UN,EDIFICACION,true,MAESTRO
05002010,8,05002000,REVOQUE SECO,,EDIFICACION,true,MAESTRO
05002010.1051,10,05002010,REVOQUE SECO M2,M2,EDIFICACION,true,MAESTRO
05002010.1052,10,05002010,REVOQUE SECO ML,ML,EDIFICACION,true,MAESTRO
05002999,8,05002000,ACTIVIDADES VARIAS,,EDIFICACION,true,MAESTRO
05002999.1001,10,05002999,FRISO ACTIVIDADES VARIAS AY,UN,EDIFICACION,true,MAESTRO
05002999.1002,10,05002999,FRISO ACTIVIDADES VARIAS OF,UN,EDIFICACION,true,MAESTRO
05003000,5,05000000,FRISOS P.FIJO/CMAQ/CUB,,EDIFICACION,true,MAESTRO
05003001,8,05003000,FRISO,,EDIFICACION,true,MAESTRO
05003001.1101,10,05003001,FRISO PFIJO M2,M2,EDIFICACION,true,MAESTRO
05003001.1108,10,05003001,FRISO PFIJO CHAFARREO,M2,EDIFICACION,true,MAESTRO
05003001.1109,10,05003001,FRISO PFIJO HUECO BOTONERA UN,UN,EDIFICACION,true,MAESTRO
05003001.1110,10,05003001,FRISO PFIJO CANTO/EMBONE,ML,EDIFICACION,true,MAESTRO
05003001.1111,10,05003001,FRISO PFIJO GOTEROS,ML,EDIFICACION,true,MAESTRO
05003001.1112,10,05003001,FRISO PFIJO ACRILICO M2,ML,EDIFICACION,true,MAESTRO
05003001.1113,10,05003001,FRISO PFIJO FACHADA,M2,EDIFICACION,true,MAESTRO
06000000,4,,ESTRUCTURA,,EDIFICACION,true,MAESTRO
06002000,5,06000000,VIGAS Y VIGUETAS,,EDIFICACION,true,MAESTRO
06002001,8,06002000,VIGAS ESTRUCTURALES,,EDIFICACION,true,MAESTRO
06002001.1001,10,06002001,EST VIGA CANAL,ML,EDIFICACION,true,MAESTRO
06002001.1002,10,06002001,EST VIGA AMARRE BUITRON,ML,EDIFICACION,true,MAESTRO
06002001.1003,10,06002001,EST DINTEL DESCOLGADO,ML,EDIFICACION,true,MAESTRO
06002001.1004,10,06002001,EST VIGA DESCOLGADA/ REALZADA,ML,EDIFICACION,true,MAESTRO
06002001.1005,10,06002001,EST VIGA AEREA,ML,EDIFICACION,true,MAESTRO
06003000,5,06000000,MUROS Y PLACAS CONCRETO,,EDIFICACION,true,MAESTRO
06003004,8,06003000,MURO MANO-PORTABLE,,EDIFICACION,true,MAESTRO
06003004.1001,10,06003004,EST METALEX MURO SUELTO,M2,EDIFICACION,true,MAESTRO
06003004.1002,10,06003004,ANTEPECHO CONCRETO,M2,EDIFICACION,true,MAESTRO
06003004.1003,10,06003004,DILATACION ENTEPECHO - PLACA,ML,EDIFICACION,true,MAESTRO
06003006,8,06003000,PLACA INDUSTRIALIZADO,,EDIFICACION,true,MAESTRO
06003006.1001,10,06003006,OUTINORD PLACA,M2,EDIFICACION,true,MAESTRO
06003006.1002,10,06003006,METALEX PLACA,M2,EDIFICACION,true,MAESTRO
06003006.1003,10,06003006,FORMALETA CHINA PLACA,M2,EDIFICACION,true,MAESTRO
06003006.1004,10,06003006,EST ESMALTADA DE PLACAS VIS,M2,EDIFICACION,true,MAESTRO
06003006.1005,10,06003006,EST MODULACION OUTINORD AYUD,UN,EDIFICACION,true,MAESTRO
06003006.1006,10,06003006,EST MODULACION OUTINORD OFICI,UN,EDIFICACION,true,MAESTRO
06003006.1007,10,06003006,SUBIDA VERT SIN TORRE GRUA,M2,EDIFICACION,true,MAESTRO
06003006.1008,10,06003006,EST ADIC Z.HECHIZAS OUTINORD,M2,EDIFICACION,true,MAESTRO
06003006.1009,10,06003006,EST P1 ARRQUE MURO PLACA OUTIN,M2,EDIFICACION,true,MAESTRO
06003006.1010,10,06003006,EST P1 ARRQE MURO PLACA METALX,M2,EDIFICACION,true,MAESTRO
06003006.1011,10,06003006,EST MODULACION FORMALETA,M2,EDIFICACION,true,MAESTRO
06003006.1012,10,06003006,EST MUROS CONCRETO SIST.IND,M2,EDIFICACION,true,MAESTRO
06003006.1013,10,06003006,EST VIS APTO RESANE MUROS,M2,EDIFICACION,true,MAESTRO
06003006.1014,10,06003006,EST DADOS ARRANQUE MUROS,ML,EDIFICACION,true,MAESTRO
06003007,8,06003000,PANTALLAS EN CONCRETO,,EDIFICACION,true,MAESTRO
06003007.1005,10,06003007,EST MURO ARMADO 2CARAS,M3,EDIFICACION,true,MAESTRO
06003007.1006,10,06003007,EST  DADOS PANT ANCLADA,UN,EDIFICACION,true,MAESTRO
06003007.1007,10,06003007,EST ANCLAJE PANTALLA,ML,EDIFICACION,true,MAESTRO
06003007.1008,10,06003007,EST PLATINAS TC,UN,EDIFICACION,true,MAESTRO
06003007.1009,10,06003007,EST DREN PENETRACION,ML,EDIFICACION,true,MAESTRO
06003007.1010,10,06003007,EST  PISC/TANQUE MURO ARM 2C,M3,EDIFICACION,true,MAESTRO
06003007.1011,10,06003007,EST  PISC/TANQUE CINTA PVC,ML,EDIFICACION,true,MAESTRO
06003007.1012,10,06003007,EST MURO TIE BACK,M3,EDIFICACION,true,MAESTRO
06003007.1013,10,06003007,EST TIE BACK VIGA CORONA,ML,EDIFICACION,true,MAESTRO
06003008,8,06003000,PLACA MACIZA PORTABLE,,EDIFICACION,true,MAESTRO
06003008.1301,10,06003008,EST PLACA MACIZA,M2,EDIFICACION,true,MAESTRO
06003008.1303,10,06003008,EST PLACA MAC+VIGA DESCOLGADA,M2,EDIFICACION,true,MAESTRO
06003008.1304,10,06003008,EST PLACA FONDO PISC/TANQUE,M2,EDIFICACION,true,MAESTRO
06003009,8,06003000,PLACA ALIGERADA,,EDIFICACION,true,MAESTRO
06003009.1011,10,06003009,EST PLACA ALIG-CASETON PERDIDO,M2,EDIFICACION,true,MAESTRO
06003009.1012,10,06003009,EST PLACA ALIG+VIGA DESCOLGADA,M2,EDIFICACION,true,MAESTRO
06003010,8,06003000,PLACA LAMINA COLABORAN,,EDIFICACION,true,MAESTRO
06003010.1007,10,06003010,EST PLACA STEEL DECK,M2,EDIFICACION,true,MAESTRO
06003010.1008,10,06003010,EST PLACA PINTURA PERLINES,ML,EDIFICACION,true,MAESTRO
06003012,8,06003000,MESON EN CONCRETO,,EDIFICACION,true,MAESTRO
06003012.1001,10,06003012,EST MESON EN CONCRETO ML,ML,EDIFICACION,true,MAESTRO
06003014,8,06003000,PLACA TANQUE,,EDIFICACION,true,MAESTRO
06003014.1304,10,06003014,EST PLACA AEREA MCZA TANQ ELEV,M2,EDIFICACION,true,MAESTRO
06003015,8,06003000,ESTRUCTURA CTO MAQUINA,,EDIFICACION,true,MAESTRO
06003015.1201,10,06003015,EST MUROS CUARTO MAQUINAS,M2,EDIFICACION,true,MAESTRO
06003015.1202,10,06003015,EST PLACAS CUARTO MAQUINAS,M2,EDIFICACION,true,MAESTRO
06003015.1203,10,06003015,EST PLACA MACIZA ESCALERAS,M2,EDIFICACION,true,MAESTRO
06003015.1204,10,06003015,EST PLACA MACIZA HELIPUERTO,M2,EDIFICACION,true,MAESTRO
06003015.1205,10,06003015,EST MURO PLACA,M2,EDIFICACION,true,MAESTRO
06003018,8,06003000,ACABADO ESTRUCTURA,,EDIFICACION,true,MAESTRO
06003018.1001,10,06003018,EST RESANE FACHADA/CULATA,M2,EDIFICACION,true,MAESTRO
06003018.1002,10,06003018,EST PFIJO RESANE FOSO ASC,M2,EDIFICACION,true,MAESTRO
06003020,8,06003000,MURO CONCRETO NO ESTR.,,EDIFICACION,true,MAESTRO
06003020.1601,10,06003020,EST MUROS NO ESTRUC CONCRETO,M2,EDIFICACION,true,MAESTRO
06003021,8,06003000,RAMPAS VEHICULARES,,EDIFICACION,true,MAESTRO
06003021.1005,10,06003021,EST PQ RAMPA VEHICULAR,M2,EDIFICACION,true,MAESTRO
06003996,8,06003000,COMIDAS Y TRANSPORTES,,EDIFICACION,true,MAESTRO
06003996.1001,10,06003996,EST ACTIV VARIAS COMIDAS,UN,EDIFICACION,true,MAESTRO
06003996.1002,10,06003996,EST ACT VARIAS TRANSP,UN,EDIFICACION,true,MAESTRO
06003999,8,06003000,ACTIVIDADES VARIAS,,EDIFICACION,true,MAESTRO
06003999.1001,10,06003999,EST ACTIVIDADES VARIAS AY,UN,EDIFICACION,true,MAESTRO
06003999.1002,10,06003999,EST ACTIVIDADES VARIAS OF,UN,EDIFICACION,true,MAESTRO
06004000,5,06000000,COLUMNAS - PANTALLAS,,EDIFICACION,true,MAESTRO
06004001,8,06004000,COLUMNAS - PANTALLAS,,EDIFICACION,true,MAESTRO
06004001.1002,10,06004001,EST CONC PANTALLAS M3,M3,EDIFICACION,true,MAESTRO
06004001.1011,10,06004001,EST CONC COLUMNAS < 0.25 M2,M3,EDIFICACION,true,MAESTRO
06004001.1012,10,06004001,EST CONC COLUMNAS > 0.25 M2,M3,EDIFICACION,true,MAESTRO
06006000,5,06000000,DINTELES Y ALFAJIAS,,EDIFICACION,true,MAESTRO
06006002,8,06006000,DINTEL SOLO HIERRO,,EDIFICACION,true,MAESTRO
06006002.1002,10,06006002,DINTEL SOLO HIERRO,ML,EDIFICACION,true,MAESTRO
06007000,5,06000000,ESCALERAS,,EDIFICACION,true,MAESTRO
06007003,8,06007000,ESCALERA PUNTO FIJO,,EDIFICACION,true,MAESTRO
06007003.1101,10,06007003,EST ESCALERA CONCRETO M2,M2,EDIFICACION,true,MAESTRO
06007003.1102,10,06007003,EST ESCALERA PULIDA,UN,EDIFICACION,true,MAESTRO
06008000,5,06000000,ESTRUCTURA FOSO ASCENSOR,,EDIFICACION,true,MAESTRO
06008002,8,06008000,IMPERM FOSO ASCENSOR,,EDIFICACION,true,MAESTRO
06008002.1001,10,06008002,EST IMPERMABILIZ F. ASCENSOR,M2,EDIFICACION,true,MAESTRO
06009000,5,06000000,FORMALETA ESTRUCTURA,,EDIFICACION,true,MAESTRO
06009001,8,06009000,FORMALETA GL,,EDIFICACION,true,MAESTRO
06009001.1001,10,06009001,EST FORMALETA,M2,EDIFICACION,true,MAESTRO
06009001.1002,10,06009001,EST FORMALETA TRANSPORTE,GL,EDIFICACION,true,MAESTRO
06009004,8,06009000,FORMALETA MANTENIMIEN,,EDIFICACION,true,MAESTRO
06009004.1001,10,06009004,MANTENIMIENTO FORMALETA,UN,EDIFICACION,true,MAESTRO
06010000,5,06000000,EQUIPOS ESTRUCTURA,,EDIFICACION,true,MAESTRO
06010001,8,06010000,EQUIPOS DE OBRA,,EDIFICACION,true,MAESTRO
06010001.1001,10,06010001,ALQUILER MALACATE ESTRUCTURA,MES,EDIFICACION,true,MAESTRO
06010001.1002,10,06010001,ALQUILER WINCHE DESCARG MALLA,HORA,EDIFICACION,true,MAESTRO
06010001.1003,10,06010001,ALQUILER BOMBA ESTACIONARIA,MES,EDIFICACION,true,MAESTRO
06010001.1006,10,06010001,ALQUILER DE EQUIPOS ESTRUCTURA,UN,EDIFICACION,true,MAESTRO
06010001.1007,10,06010001,TRANSPORTE DE EQUIPOS EST,GL,EDIFICACION,true,MAESTRO
06010002,8,06010000,OPERADORES EQUIPOS,,EDIFICACION,true,MAESTRO
06010002.1001,10,06010002,MALACATERO ESTRUCTURA MES,MES,EDIFICACION,true,MAESTRO
06010003,8,06010000,MANTENIMIENTO EQUIPOS,,EDIFICACION,true,MAESTRO
06010003.1001,10,06010003,MANTENIMIENTO EQUIPOS,UN,EDIFICACION,true,MAESTRO
06010003.1002,10,06010003,MANTENIMIENTO BOMBA ESTACIONAR,MES,EDIFICACION,true,MAESTRO
06011000,5,06000000,TORRE GRUA,,EDIFICACION,true,MAESTRO
06011001,8,06011000,TORRE GRUA GL,,EDIFICACION,true,MAESTRO
06011001.1001,10,06011001,TORRE GRUA TRASLADO A OBRA,UN,EDIFICACION,true,MAESTRO
06011001.1002,10,06011001,TORRE GRUA ALQUILER WINCHE,UN,EDIFICACION,true,MAESTRO
06011001.1003,10,06011001,TORRE GRUA ALQUILER PH MONTAJE,UN,EDIFICACION,true,MAESTRO
06011001.1004,10,06011001,TORRE GRUA M.OBRA MONTAJE,UN,EDIFICACION,true,MAESTRO
06011001.1005,10,06011001,TORRE GRUA ALQUILER MARVAL,MES,EDIFICACION,true,MAESTRO
06011001.1006,10,06011001,TORRE GRUA M.OBRA TELESCOPAJE,UN,EDIFICACION,true,MAESTRO
06011001.1007,10,06011001,TORRE GRUA ALQUIL. WINCHE TRAN,UN,EDIFICACION,true,MAESTRO
06011001.1008,10,06011001,TORRE GRUA ALQUILER PH DESMON.,UN,EDIFICACION,true,MAESTRO
06011001.1009,10,06011001,TORRE GRUA M.OBRA DESMONTE,UN,EDIFICACION,true,MAESTRO
07000000,4,,CUBIERTAS,,EDIFICACION,true,MAESTRO
07002000,5,07000000,CUBIERTAS FIBRO-CEMENTO,,EDIFICACION,true,MAESTRO
07002001,8,07002000,CUBIERTA FIBRO-CEMENTO,,EDIFICACION,true,MAESTRO
07002001.1001,10,07002001,CUBIERTA EN FIBROCEMENTO,M2,EDIFICACION,true,MAESTRO
07003000,5,07000000,CUBIERTAS ESPECIALES,,EDIFICACION,true,MAESTRO
07003001,8,07003000,CUBIERTA TERMOACUSTICA,,EDIFICACION,true,MAESTRO
07003001.1001,10,07003001,CUBIERTA EN POLICARONATO,M2,EDIFICACION,true,MAESTRO
07003001.1002,10,07003001,CUB EN POLICARONATO DOMO+EST,M2,EDIFICACION,true,MAESTRO
07003002,8,07003000,CUBIERTA TRASLUCIDA,,EDIFICACION,true,MAESTRO
07003002.1003,10,07003002,CUBIERTA EN TEJA PLASTICA M2,M2,EDIFICACION,true,MAESTRO
07003002.1004,10,07003002,CUBIERTA PATIO EST+TEJA M2,M2,EDIFICACION,true,MAESTRO
07003004,8,07003000,ESTR METALICA CUBIERTA,,EDIFICACION,true,MAESTRO
07003004.1001,10,07003004,CUB ESTR METALICA CUBIERTA,KG,EDIFICACION,true,MAESTRO
07003004.1002,10,07003004,CUB CANALETA METALICA,ML,EDIFICACION,true,MAESTRO
07003005,8,07003000,CUBIERTA METALICA,,EDIFICACION,true,MAESTRO
07003005.1001,10,07003005,CUBIERTA LAMINA METALICA,M2,EDIFICACION,true,MAESTRO
07003009,8,07003000,CUBIERTA VERDE,,EDIFICACION,true,MAESTRO
07003009.1001,10,07003009,CUB JARDINES SECOS,M2,EDIFICACION,true,MAESTRO
07003009.1002,10,07003009,CUB CUBIERTA VERDE,M2,EDIFICACION,true,MAESTRO
07004000,5,07000000,IMPERMEABILIZACIONES,,EDIFICACION,true,MAESTRO
07004001,8,07004000,MORTERO NIVELACION,,EDIFICACION,true,MAESTRO
07004001.1004,10,07004001,CUB AFINADO PLACA,M2,EDIFICACION,true,MAESTRO
07004001.1007,10,07004001,CUB MEDIA CAÑA,ML,EDIFICACION,true,MAESTRO
07004003,8,07004000,IMPERMEABILIZACION,,EDIFICACION,true,MAESTRO
07004003.1001,10,07004003,CUB IMPERMEABILIZACION,M2,EDIFICACION,true,MAESTRO
07005000,5,07000000,ACABADOS CUBIERTAS,,EDIFICACION,true,MAESTRO
07005008,8,07005000,PISOS CUBIERTAS,,EDIFICACION,true,MAESTRO
07005008.1002,10,07005008,PISO CUB EN GRAMA SINTECTICA,M2,EDIFICACION,true,MAESTRO
07005008.1301,10,07005008,PISO CUB EN TABLON,M2,EDIFICACION,true,MAESTRO
07005008.1302,10,07005008,PISO CUB GURADAESC EN TABLON,ML,EDIFICACION,true,MAESTRO
08000000,4,,CIELO RASOS,,EDIFICACION,true,MAESTRO
08001000,5,08000000,CIELOS RASOS,,EDIFICACION,true,MAESTRO
08001002,8,08001000,CIELO RASO DRY WALL,,EDIFICACION,true,MAESTRO
08001002.1002,10,08001002,CRASO DRYWALL Z.HUMEDA M2,M2,EDIFICACION,true,MAESTRO
08001002.1012,10,08001002,CRASO DRYWALL M2,M2,EDIFICACION,true,MAESTRO
08001002.1013,10,08001002,CRASO DRYWALL TAPA Z.HUMEDA,ML,EDIFICACION,true,MAESTRO
08001002.1014,10,08001002,CRASO DRYWALL TAPA,ML,EDIFICACION,true,MAESTRO
08001005,8,08001000,DILATACION FACH SUPERB,,EDIFICACION,true,MAESTRO
08001005.1401,10,08001005,DILATACION FLANCHE SBOARD M2,M2,EDIFICACION,true,MAESTRO
08001005.1402,10,08001005,DILATACION FLANCHE SBOARD ML,ML,EDIFICACION,true,MAESTRO
08002000,5,08000000,CIELOS RASOS PFIJO,,EDIFICACION,true,MAESTRO
08002002,8,08002000,CIELO RASO DRY WALL,,EDIFICACION,true,MAESTRO
08002002.1102,10,08002002,CRASO PFIJO DRYWALL M2,M2,EDIFICACION,true,MAESTRO
08002002.1103,10,08002002,CRASO PFIJO DRYWALL Z. HUMEDA,M2,EDIFICACION,true,MAESTRO
08002002.1104,10,08002002,CRASO PFIJO DRYWALL  TAPA Z.HUMEDA,ML,EDIFICACION,true,MAESTRO
08002002.1105,10,08002002,CRASO PFIJO DRYWALL  TAPA,ML,EDIFICACION,true,MAESTRO
09000000,4,,PISOS,,EDIFICACION,true,MAESTRO
09001000,5,09000000,PISOS EN CONCRETO,,EDIFICACION,true,MAESTRO
09001007,8,09001000,REQUEMADA PISO,,EDIFICACION,true,MAESTRO
09001007.1001,10,09001007,REQUEMADA INC DILATACIONES,M2,EDIFICACION,true,MAESTRO
09002000,5,09000000,MORTEROS,,EDIFICACION,true,MAESTRO
09002001,8,09002000,MORTERO AFINADO,,EDIFICACION,true,MAESTRO
09002001.1002,10,09002001,AFINADO M2,M2,EDIFICACION,true,MAESTRO
09002001.1003,10,09002001,Z.HUMEDAS AFINADO IMPERM,M2,EDIFICACION,true,MAESTRO
09002001.1005,10,09002001,REALCE,ML,EDIFICACION,true,MAESTRO
09002001.1006,10,09002001,BORDILLO  ML,ML,EDIFICACION,true,MAESTRO
09002001.1007,10,09002001,AFINADO TRASCIEGO MAT,M2,EDIFICACION,true,MAESTRO
09003000,5,09000000,MORTEROS PUNTO FIJO/CMAQ,,EDIFICACION,true,MAESTRO
09003001,8,09003000,MORTERO AFINADO,,EDIFICACION,true,MAESTRO
09003001.1102,10,09003001,PISO PFIJO AFINADO,M2,EDIFICACION,true,MAESTRO
09003001.1103,10,09003001,ESCAL PFIJO AFINADO PASO,UN,EDIFICACION,true,MAESTRO
09003001.1104,10,09003001,ESCAL PFIJO AFINADO DESCANSO,M2,EDIFICACION,true,MAESTRO
09003001.1105,10,09003001,PISO PFIJO REALCE ML,ML,EDIFICACION,true,MAESTRO
09003001.1106,10,09003001,PTO FIJO BORDILLO ML,ML,EDIFICACION,true,MAESTRO
09003001.1107,10,09003001,TRASCIEGO MAT. AFINADO PFIJO,M2,EDIFICACION,true,MAESTRO
09006000,5,09000000,PISOS,,EDIFICACION,true,MAESTRO
09006006,8,09006000,PISO EN CERAMICA,,EDIFICACION,true,MAESTRO
09006006.1001,10,09006006,PISO  TABLON M2,M2,EDIFICACION,true,MAESTRO
09006006.1002,10,09006006,PISO GUARDAESC TABLON,ML,EDIFICACION,true,MAESTRO
09006006.1003,10,09006006,PISO  REBRECHADA TABLON,M2,EDIFICACION,true,MAESTRO
09006006.1005,10,09006006,PISO TABLETA M2,M2,EDIFICACION,true,MAESTRO
09006006.1006,10,09006006,PISO GUARDAESC TABLETA,ML,EDIFICACION,true,MAESTRO
09006006.1007,10,09006006,PISO  REBRECHADA TABLETA,M2,EDIFICACION,true,MAESTRO
09006006.1008,10,09006006,PISO CERAMICA M2,M2,EDIFICACION,true,MAESTRO
09006006.1009,10,09006006,PISO CERAM BAÑO AUX PISO M2,M2,EDIFICACION,true,MAESTRO
09006006.1010,10,09006006,PISO CERAM BAÑO PPAL PISO M2,M2,EDIFICACION,true,MAESTRO
09006006.1011,10,09006006,PISO CERAM BAÑO SOCIAL PISO M2,M2,EDIFICACION,true,MAESTRO
09006006.1012,10,09006006,PISO CERAM BAÑO SERVIC PISO M2,M2,EDIFICACION,true,MAESTRO
09006006.1013,10,09006006,PISO GUARDAESCOBA CERAMICA,ML,EDIFICACION,true,MAESTRO
09006006.1014,10,09006006,PISO GUARDAESCOBA CERAM WC AUX,ML,EDIFICACION,true,MAESTRO
09006006.1015,10,09006006,PISO GUARDAESCOBA CERAM WC PPL,ML,EDIFICACION,true,MAESTRO
09006006.1016,10,09006006,PISO GUARDAESCOBA CERAM WC SOC,ML,EDIFICACION,true,MAESTRO
09006006.1017,10,09006006,PISO GUARDAESCOBA CERAM WC SER,ML,EDIFICACION,true,MAESTRO
09006006.1018,10,09006006,PISO BORD DUCHA CERM WC AUX,ML,EDIFICACION,true,MAESTRO
09006006.1019,10,09006006,PISO BORD DUCHA CERM WC PPAL,ML,EDIFICACION,true,MAESTRO
09006006.1020,10,09006006,PISO BORD DUCHA CERM WC SERV,ML,EDIFICACION,true,MAESTRO
09006006.1021,10,09006006,PISO BORDILLO PTAVENT CERAM ML,ML,EDIFICACION,true,MAESTRO
09006006.1022,10,09006006,PISO CERAM TERRAZA M2,M2,EDIFICACION,true,MAESTRO
09006006.1023,10,09006006,PISO GUARDAESCOB CERAM TERRAZA,ML,EDIFICACION,true,MAESTRO
09006006.1024,10,09006006,PISO BORDILLO COCRETO BALCON,ML,EDIFICACION,true,MAESTRO
09006006.1025,10,09006006,PISO  REBRECHADA CERAMICA,M2,EDIFICACION,true,MAESTRO
09006006.1026,10,09006006,PISO CERAMICA CTO ASEO M2,M2,EDIFICACION,true,MAESTRO
09006006.1027,10,09006006,PISO PORCELANATO M2,M2,EDIFICACION,true,MAESTRO
09006006.1028,10,09006006,PISO PORCELANATO BAÑO PPAL M2,M2,EDIFICACION,true,MAESTRO
09006006.1029,10,09006006,PISO PORCELANATO BAÑO AUX M2,M2,EDIFICACION,true,MAESTRO
09006006.1030,10,09006006,PISO PORCELANATO BAÑO SOCI M2,M2,EDIFICACION,true,MAESTRO
09006006.1031,10,09006006,PISO PORCELANATO BAÑO SERV M2,M2,EDIFICACION,true,MAESTRO
09006006.1032,10,09006006,PISO PORCEL DUCHA BAÑO PPAL M2,M2,EDIFICACION,true,MAESTRO
09006006.1033,10,09006006,PISO PORCEL DUCHA BAÑO AUX M2,M2,EDIFICACION,true,MAESTRO
09006006.1034,10,09006006,PISO PORCEL DUCHA BAÑO SERV M2,M2,EDIFICACION,true,MAESTRO
09006006.1035,10,09006006,PISO PORCELANATO TERRAZA M2,M2,EDIFICACION,true,MAESTRO
09006006.1036,10,09006006,PISO GUARDAESCOBA PORCELANATO,ML,EDIFICACION,true,MAESTRO
09006006.1037,10,09006006,PISO GUARDAESCOBA PORCE WC SOC,ML,EDIFICACION,true,MAESTRO
09006006.1038,10,09006006,PISO GUARDAESCOBA PORCE WC PPL,ML,EDIFICACION,true,MAESTRO
09006006.1039,10,09006006,PISO GUARDAESCOBA PORCE WC AUX,ML,EDIFICACION,true,MAESTRO
09006006.1040,10,09006006,PISO BORD DUCHA PORCE WC AUX,ML,EDIFICACION,true,MAESTRO
09006006.1041,10,09006006,PISO BORD DUCHA PORCE WC PPAL,ML,EDIFICACION,true,MAESTRO
09006006.1042,10,09006006,PISO BORD DUCHA PORCE WC SERVI,ML,EDIFICACION,true,MAESTRO
09006006.1043,10,09006006,PISO BORDILLO PTAVENT PORCE ML,ML,EDIFICACION,true,MAESTRO
09006006.1044,10,09006006,PISO GUARDAESCOB PORC  TERRAZA,ML,EDIFICACION,true,MAESTRO
09006006.1045,10,09006006,PISO  REBRECHADA PORCELANATO,M2,EDIFICACION,true,MAESTRO
09006006.1046,10,09006006,ALQUILER MALACATE PISOS-ENCHA,MES,EDIFICACION,true,MAESTRO
09006006.1047,10,09006006,MALACATERO PISOS-ENCHA MES,MES,EDIFICACION,true,MAESTRO
09006006.1048,10,09006006,PISOS TRASCIEGO MATERIAL,M2,EDIFICACION,true,MAESTRO
09006006.1049,10,09006006,PISOS SUBIDA DE MATERIAL,UN,EDIFICACION,true,MAESTRO
09006017,8,09006000,TOPELLANTAS,,EDIFICACION,true,MAESTRO
09006017.1001,10,09006017,SUM INST TOPELLANTAS,UN,EDIFICACION,true,MAESTRO
09006999,8,09006000,ACTIVIDADES VARIAS,,EDIFICACION,true,MAESTRO
09006999.1001,10,09006999,PISOS ACTIVIDADES VARIAS AY,M2,EDIFICACION,true,MAESTRO
09006999.1002,10,09006999,PISOS ACTIVIDADES VARIAS OF,M2,EDIFICACION,true,MAESTRO
09007000,5,09000000,PISOS PUNTO FIJO/CMAQ,,EDIFICACION,true,MAESTRO
09007006,8,09007000,PISO EN CERAMICA,,EDIFICACION,true,MAESTRO
09007006.1101,10,09007006,PISOS PFIJO TABLON M2,M2,EDIFICACION,true,MAESTRO
09007006.1102,10,09007006,PISOS PFIJO GUARD TABLON ML,ML,EDIFICACION,true,MAESTRO
09007006.1103,10,09007006,PISO PFIJO  REBRECHADA TABLON,M2,EDIFICACION,true,MAESTRO
09007006.1104,10,09007006,PISOS PFIJO TABLETA M2,M2,EDIFICACION,true,MAESTRO
09007006.1105,10,09007006,PISOS PFIJO GUARD TABLETA ML,ML,EDIFICACION,true,MAESTRO
09007006.1106,10,09007006,PISO PFIJO  REBRECHADA TABLETA,M2,EDIFICACION,true,MAESTRO
09007006.1107,10,09007006,PISO PFIJO CERAMICA M2,M2,EDIFICACION,true,MAESTRO
09007006.1108,10,09007006,PISO PFIJO CERAMIC LAVATRAP M2,M2,EDIFICACION,true,MAESTRO
09007006.1109,10,09007006,PISO PFIJO GUARDAESCOBA CERAM,ML,EDIFICACION,true,MAESTRO
09007006.1110,10,09007006,PISO PFIJO BORDILLO CONCRETO,ML,EDIFICACION,true,MAESTRO
09007006.1111,10,09007006,PISO PFIJO  REBRECHADA CERAMIC,M2,EDIFICACION,true,MAESTRO
09007006.1112,10,09007006,PISO PFIJO PORCELANATO M2,M2,EDIFICACION,true,MAESTRO
09007006.1113,10,09007006,PISO PFIJO GUARD PORCELANATO,ML,EDIFICACION,true,MAESTRO
09007006.1114,10,09007006,PISO PFIJO  REBRECHADA PORCEL,M2,EDIFICACION,true,MAESTRO
09007006.1115,10,09007006,PISO ESCAL PASO CERAMICA,UN,EDIFICACION,true,MAESTRO
09007006.1116,10,09007006,PISO ESCAL DESCANSO CERAMICA,M2,EDIFICACION,true,MAESTRO
09007006.1117,10,09007006,PISO ESCAL GUARDAES CERAMICA,ML,EDIFICACION,true,MAESTRO
09007006.1118,10,09007006,PISO ESCAL PASO TABLETA,UN,EDIFICACION,true,MAESTRO
09007006.1119,10,09007006,PISO ESCAL DESCANSO TABLETA,M2,EDIFICACION,true,MAESTRO
09007006.1120,10,09007006,PISO ESCAL GUARDAESC TABLETA,ML,EDIFICACION,true,MAESTRO
09007006.1121,10,09007006,PISO ESCAL PASO TABLON,UN,EDIFICACION,true,MAESTRO
09007006.1122,10,09007006,PISO ESCAL DESCANSO TABLON,M2,EDIFICACION,true,MAESTRO
09007006.1123,10,09007006,PISO ESCAL GUARDAESC TABLON,ML,EDIFICACION,true,MAESTRO
09007006.1124,10,09007006,PISOS PFIJO TRASCIEGO MATER M2,M2,EDIFICACION,true,MAESTRO
09007006.1125,10,09007006,PISOS PFIJO SUBIDA MATERIAL,UN,EDIFICACION,true,MAESTRO
09010000,5,09000000,GRAVILLA-TABLETA-ADOQUIN,,EDIFICACION,true,MAESTRO
09010001,8,09010000,PISO EN GRAVILLA,,EDIFICACION,true,MAESTRO
09010001.1001,10,09010001,PISO PFIJO CENEFA GRAVILLA,ML,EDIFICACION,true,MAESTRO
09010001.1002,10,09010001,PISO GRAVILLA M2,M2,EDIFICACION,true,MAESTRO
09010001.1003,10,09010001,PISO GRAVILLA ML,ML,EDIFICACION,true,MAESTRO
09011000,5,09000000,PISOS ESPECIALES,,EDIFICACION,true,MAESTRO
09011001,8,09011000,PISO EN ALFOMBRA,,EDIFICACION,true,MAESTRO
09011001.1001,10,09011001,PISO ALFOMBRA,M2,EDIFICACION,true,MAESTRO
09011001.1002,10,09011001,PISO LAMINADO,M2,EDIFICACION,true,MAESTRO
09011001.1003,10,09011001,PISO GUARDAESCOBA MADERA,ML,EDIFICACION,true,MAESTRO
09011001.1004,10,09011001,PISO PIRLAN MADERA,ML,EDIFICACION,true,MAESTRO
09011001.1005,10,09011001,PISO GRANITO,M2,EDIFICACION,true,MAESTRO
09011001.1006,10,09011001,PISO PIRLAN GRANITO,ML,EDIFICACION,true,MAESTRO
09011001.1007,10,09011001,PISO GUARDAESCOBA GRANITO,ML,EDIFICACION,true,MAESTRO
09011001.1008,10,09011001,PISO MARMOL,M2,EDIFICACION,true,MAESTRO
09011001.1009,10,09011001,PISO PIRLAN MARMOL,ML,EDIFICACION,true,MAESTRO
09011001.1010,10,09011001,PISO GUARDAESCOBA MARMOL,ML,EDIFICACION,true,MAESTRO
09011001.1011,10,09011001,PISO SALON INFANTIL,M2,EDIFICACION,true,MAESTRO
09011001.1012,10,09011001,PISO GIMNASIO,M2,EDIFICACION,true,MAESTRO
09011001.1013,10,09011001,PISO DECK,M2,EDIFICACION,true,MAESTRO
09012000,5,09000000,ALISTADO DE PISOS,,EDIFICACION,true,MAESTRO
09012002,8,09012000,EMPAPELADA DE PISOS,,EDIFICACION,true,MAESTRO
09012002.1001,10,09012002,PISO EMPAPELADA,M2,EDIFICACION,true,MAESTRO
09012003,8,09012000,EMPAPEL PISO P.FIJO,,EDIFICACION,true,MAESTRO
09012003.1101,10,09012003,PISO PFIJO EMPAPELADA,M2,EDIFICACION,true,MAESTRO
09013000,5,09000000,PRADOS Y ARBOLES,,EDIFICACION,true,MAESTRO
09013002,8,09013000,PRADOS,,EDIFICACION,true,MAESTRO
09013002.1001,10,09013002,PRADO  M2,M2,EDIFICACION,true,MAESTRO
10000000,4,,ENCHAPES,,EDIFICACION,true,MAESTRO
10001000,5,10000000,ENCHAPES,,EDIFICACION,true,MAESTRO
10001002,8,10001000,ENCHAPE CERAMICA COCIN,,EDIFICACION,true,MAESTRO
10001002.1701,10,10001002,ENCHAPE  MUROS COCINA/ROPAS,M2,EDIFICACION,true,MAESTRO
10001002.1702,10,10001002,ENCHAPE MESON COCINA M2,M2,EDIFICACION,true,MAESTRO
10001002.1703,10,10001002,ENCHAPE COCINA/ROPAS H:<0.6 ML,ML,EDIFICACION,true,MAESTRO
10001002.1704,10,10001002,ENCHAPE INSTALACION WIN,ML,EDIFICACION,true,MAESTRO
10001002.1705,10,10001002,ENCHAPE BAÑO PPAL M2,M2,EDIFICACION,true,MAESTRO
10001002.1706,10,10001002,ENCHAPE BAÑO PPAL DUCHA M2,M2,EDIFICACION,true,MAESTRO
10001002.1707,10,10001002,ENCHAPE BAÑO AUX M2,M2,EDIFICACION,true,MAESTRO
10001002.1708,10,10001002,ENCHAPE BAÑO AUX DUCHA M2,M2,EDIFICACION,true,MAESTRO
10001002.1709,10,10001002,ENCHAPE BAÑO SERV M2,M2,EDIFICACION,true,MAESTRO
10001002.1710,10,10001002,ENCHAPE BAÑO SERV DUCHA M2,M2,EDIFICACION,true,MAESTRO
10001002.1711,10,10001002,ENCHAPE CENEFA WC AUX ML,ML,EDIFICACION,true,MAESTRO
10001002.1712,10,10001002,ENCHAPE CENEFA WC PPAL ML,ML,EDIFICACION,true,MAESTRO
10001002.1713,10,10001002,ENCHAPE INSTALACION WIN BAÑOS,ML,EDIFICACION,true,MAESTRO
10001002.1714,10,10001002,ENCHAPE CENEFA WC SOC ML,ML,EDIFICACION,true,MAESTRO
10001002.1715,10,10001002,ENCHAPE TURCO M2,M2,EDIFICACION,true,MAESTRO
10001002.1716,10,10001002,ENCHAPES TRASCIEGO MAT M2,M2,EDIFICACION,true,MAESTRO
10001002.1717,10,10001002,ENCHAPES SUBIDA MATERIAL,UN,EDIFICACION,true,MAESTRO
10001002.1719,10,10001002,ENCHAPE CERAMICA BBQ M2,M2,EDIFICACION,true,MAESTRO
10001002.1720,10,10001002,ENCHAPE CERAMICA CTO ASEO M2,M2,EDIFICACION,true,MAESTRO
10001002.1721,10,10001002,ENCHAPE NICHO PIEDRA SINTER.,M2,EDIFICACION,true,MAESTRO
10001007,8,10001000,PAPEL DE COLGADURA,,EDIFICACION,true,MAESTRO
10001007.1001,10,10001007,PAPEL DE COLGADURA M2,M2,EDIFICACION,true,MAESTRO
10003000,5,10000000,ENCHAPES PUNTO FIJO,,EDIFICACION,true,MAESTRO
10003002,8,10003000,ENCHAPE CERAMICA ASEO,,EDIFICACION,true,MAESTRO
10003002.1120,10,10003002,ENCHAPE PFIJO LAVATRAPEROS M2,M2,EDIFICACION,true,MAESTRO
10003002.1121,10,10003002,ENCHAPE MARCO ASCENSOR  M2,M2,EDIFICACION,true,MAESTRO
10003002.1122,10,10003002,ENCHAPE CERAMICA PTO FIJO  M2,M2,EDIFICACION,true,MAESTRO
10005000,5,10000000,ENCHAPES ESPECIALES,,EDIFICACION,true,MAESTRO
10005001,8,10005000,ENCHAPE EN MADERA,,EDIFICACION,true,MAESTRO
10005001.1001,10,10005001,ENCHAPE MALAMINA  M2,M2,EDIFICACION,true,MAESTRO
10005001.1002,10,10005001,ENCHAPE MARMOL M2,M2,EDIFICACION,true,MAESTRO
10006000,5,10000000,ENCHAPES DE FACHADA,,EDIFICACION,true,MAESTRO
10006001,8,10006000,ENCHAPE DE FACHADA,,EDIFICACION,true,MAESTRO
10006001.1401,10,10006001,ENCHAPE FACHADA PIZARRA M2,M2,EDIFICACION,true,MAESTRO
10006001.1402,10,10006001,ENCHAPE FACHADA TUNGURAHUA M2,M2,EDIFICACION,true,MAESTRO
10006001.1403,10,10006001,ENCHAPE FACHADA GRANITO M2,M2,EDIFICACION,true,MAESTRO
10006001.1404,10,10006001,ENCHAPE FACHADA P.MUÑECA M2,M2,EDIFICACION,true,MAESTRO
10006001.1405,10,10006001,ENCHAPE FACHADA P.LAJA M2,M2,EDIFICACION,true,MAESTRO
10006001.1406,10,10006001,MURO VERDE TC,M2,EDIFICACION,true,MAESTRO
10006001.1407,10,10006001,ENCHAPE FACHADA STO M2,M2,EDIFICACION,true,MAESTRO
11000000,4,,INSTAL HIDRAULICA-SANITAR,,EDIFICACION,true,MAESTRO
11001000,5,11000000,INSTALACIONES HIDRAULICAS,,EDIFICACION,true,MAESTRO
11001002,8,11001000,MONTANTE PVC,,EDIFICACION,true,MAESTRO
11001002.1001,10,11001002,MONTANTE HIDRAULICA,ML,EDIFICACION,true,MAESTRO
11001002.1002,10,11001002,INS VALVULA VENTOSA,UN,EDIFICACION,true,MAESTRO
11001002.1003,10,11001002,INS VALVULA / MANOMETRO,UN,EDIFICACION,true,MAESTRO
11001003,8,11001000,PRUEBA HIDRA. MONTANTE,,EDIFICACION,true,MAESTRO
11001003.1005,10,11001003,MONTANTE HIDRAULICA PRUEBA,UN,EDIFICACION,true,MAESTRO
11001005,8,11001000,ACOMETIDA,,EDIFICACION,true,MAESTRO
11001005.1006,10,11001005,ACOMETIDA,ML,EDIFICACION,true,MAESTRO
11001005.1012,10,11001005,SUM-INS  CONTADOR,UN,EDIFICACION,true,MAESTRO
11001005.1013,10,11001005,INS VALVULA CONTADOR,UN,EDIFICACION,true,MAESTRO
11001006,8,11001000,PTO AGUA FRIA-RED PVC,,EDIFICACION,true,MAESTRO
11001006.1016,10,11001006,PUNTO AGUA FRIA,UN,EDIFICACION,true,MAESTRO
11001006.1017,10,11001006,RED HIDRA SUMINISTRO,ML,EDIFICACION,true,MAESTRO
11001006.1018,10,11001006,PUNTO AGUA CALIENTE,UN,EDIFICACION,true,MAESTRO
11001006.1019,10,11001006,RED HIDRA SUMINISTRO CPVC,ML,EDIFICACION,true,MAESTRO
11001006.1020,10,11001006,INS VALVULA DE BOLA,UN,EDIFICACION,true,MAESTRO
11001008,8,11001000,PRUEBA HIDRAULICA,,EDIFICACION,true,MAESTRO
11001008.1036,10,11001008,PRUEBA HIDRAULICA,UN,EDIFICACION,true,MAESTRO
11001009,8,11001000,TANQUE PLASTICO,,EDIFICACION,true,MAESTRO
11001009.1001,10,11001009,TANQUE PLASTICO,UN,EDIFICACION,true,MAESTRO
11001998,8,11001000,MATERIALES HIDRAULICOS,,EDIFICACION,true,MAESTRO
11001998.1040,10,11001998,MATERIALES HIDRAULICOS,UN,EDIFICACION,true,MAESTRO
11001999,8,11001000,ACTIVIDADES VARIAS,,EDIFICACION,true,MAESTRO
11001999.1041,10,11001999,PLOM ACTIVIDADES VARIAS AY,UN,EDIFICACION,true,MAESTRO
11001999.1042,10,11001999,PLOM ACTIVIDADES VARIAS OF,UN,EDIFICACION,true,MAESTRO
11003000,5,11000000,INSTALACION SANITAR-A.LL.,,EDIFICACION,true,MAESTRO
11003001,8,11003000,PUNTO SANITARIO,,EDIFICACION,true,MAESTRO
11003001.1050,10,11003001,PUNTO SANITARIO,UN,EDIFICACION,true,MAESTRO
11003001.1051,10,11003001,EMBONES PASES PTO SAN,UN,EDIFICACION,true,MAESTRO
11003001.1052,10,11003001,ANCLAJE ARAÑA BAÑO-COCINA,UN,EDIFICACION,true,MAESTRO
11003001.1053,10,11003001,PRUEBA SANITARIA,UN,EDIFICACION,true,MAESTRO
11003001.1054,10,11003001,REDUCTOR DE GOLPE DE CAIDA,UN,EDIFICACION,true,MAESTRO
11003001.1055,10,11003001,DESAGUE AA,ML,EDIFICACION,true,MAESTRO
11003001.1056,10,11003001,"TUBERIA  SAN 2-3-4""",ML,EDIFICACION,true,MAESTRO
11003001.1057,10,11003001,"TUBERIA  SAN 6""",ML,EDIFICACION,true,MAESTRO
11003001.1058,10,11003001,"TUBERIA  ALL 2-3-4""",ML,EDIFICACION,true,MAESTRO
11003001.1059,10,11003001,"TUBERIA  ALL 6""",ML,EDIFICACION,true,MAESTRO
11003003,8,11003000,BAJANTE SANITARIO,,EDIFICACION,true,MAESTRO
11003003.1060,10,11003003,PUNTO BAJANTE SAN,UN,EDIFICACION,true,MAESTRO
11003003.1070,10,11003003,PUNTO BAJANTE ALL,UN,EDIFICACION,true,MAESTRO
11003003.1080,10,11003003,PUNTO VENTILACION,UN,EDIFICACION,true,MAESTRO
11003004,8,11003000,nan,,EDIFICACION,true,MAESTRO
11003004.1070,10,11003004,PUNTO BAJANTE ALL,UN,EDIFICACION,true,MAESTRO
11003005,8,11003000,nan,,EDIFICACION,true,MAESTRO
11003005.1080,10,11003005,PUNTO VENTILACION,UN,EDIFICACION,true,MAESTRO
11003998,8,11003000,MATERIALES SANITARIOS,,EDIFICACION,true,MAESTRO
11003998.1090,10,11003998,MATERIALES SANITARIOS,UN,EDIFICACION,true,MAESTRO
11003998.1091,10,11003998,MATERIALES LLUVIAS,UN,EDIFICACION,true,MAESTRO
11003999,8,11003000,ACTIVIDADES VARIAS,,EDIFICACION,true,MAESTRO
11003999.1092,10,11003999,PLOM ACTIVIDADES VARIAS AY,UN,EDIFICACION,true,MAESTRO
11003999.1093,10,11003999,PLOM ACTIVIDADES VARIAS OF,UN,EDIFICACION,true,MAESTRO
11005000,5,11000000,INSTALACIONES DE GAS,,EDIFICACION,true,MAESTRO
11005001,8,11005000,MONTANTE GAS,,EDIFICACION,true,MAESTRO
11005001.1001,10,11005001,MONTANTE RED GAS PEALPE,ML,EDIFICACION,true,MAESTRO
11005001.1002,10,11005001,MONTANTE RED GAS HG,ML,EDIFICACION,true,MAESTRO
11005002,8,11005000,PRUEBA DE GAS MONTANTE,,EDIFICACION,true,MAESTRO
11005002.1010,10,11005002,MONTANTE GAS PRUEBA,UN,EDIFICACION,true,MAESTRO
11005003,8,11005000,ACOMETIDA DE GAS,,EDIFICACION,true,MAESTRO
11005003.1011,10,11005003,ACOMETIDA GAS  HG,ML,EDIFICACION,true,MAESTRO
11005003.1012,10,11005003,ACOMETIDA GAS PEALPE,ML,EDIFICACION,true,MAESTRO
11005005,8,11005000,PUNTO DE GAS,,EDIFICACION,true,MAESTRO
11005005.1021,10,11005005,PUNTO GAS,UN,EDIFICACION,true,MAESTRO
11005005.1022,10,11005005,RED GAS SUMINISTRO HG,ML,EDIFICACION,true,MAESTRO
11005005.1023,10,11005005,RED GAS SUMINISTRO PEALPE,ML,EDIFICACION,true,MAESTRO
11005005.1024,10,11005005,VALVULA DE GAS,UN,EDIFICACION,true,MAESTRO
11005006,8,11005000,VALVULAS DE GAS,,EDIFICACION,true,MAESTRO
11005006.1030,10,11005006,VALVULA DE GAS,UN,EDIFICACION,true,MAESTRO
11005007,8,11005000,PRUEBA DE GAS,,EDIFICACION,true,MAESTRO
11005007.1040,10,11005007,PRUEBA GAS,UN,EDIFICACION,true,MAESTRO
11005998,8,11005000,MATERIALES RED DE GAS,,EDIFICACION,true,MAESTRO
11005998.1050,10,11005998,MATERIALES RED GAS,UN,EDIFICACION,true,MAESTRO
11007000,5,11000000,MONTAN INCENDIO EDIFICIO,,EDIFICACION,true,MAESTRO
11007001,8,11007000,MONTANTE INCENDIO,,EDIFICACION,true,MAESTRO
11007001.1001,10,11007001,"MONTANTE RED RCI 3-4""",ML,EDIFICACION,true,MAESTRO
11007001.1002,10,11007001,"MONTANTE RED RCI > 6""",ML,EDIFICACION,true,MAESTRO
11007001.1003,10,11007001,RCI VALVULA ESCALERAS,UN,EDIFICACION,true,MAESTRO
11007001.1004,10,11007001,ACOMETIDA RED RCI,ML,EDIFICACION,true,MAESTRO
11007001.1005,10,11007001,RCI VALVULA VENTOSA,UN,EDIFICACION,true,MAESTRO
11007001.1006,10,11007001,RCI  MANOMETRO,UN,EDIFICACION,true,MAESTRO
11007001.1007,10,11007001,RCI ATRAQUE TUBERIA MONTANTE,UN,EDIFICACION,true,MAESTRO
11007001.1008,10,11007001,RCI REGULADOR DE PRESION,UN,EDIFICACION,true,MAESTRO
11007001.1009,10,11007001,RCI MONTANTE TUB PEAD 110 MM,ML,EDIFICACION,true,MAESTRO
11007001.1010,10,11007001,RCI SIAMESA EDIFICACIONES,UN,EDIFICACION,true,MAESTRO
11007003,8,11007000,PRUEBA HIDRA. MONTANTE,,EDIFICACION,true,MAESTRO
11007003.1040,10,11007003,PRUEBA MONTANTE RCI,UN,EDIFICACION,true,MAESTRO
11007004,8,11007000,SISTEMA EXTINCION INCE,,EDIFICACION,true,MAESTRO
11007004.1001,10,11007004,"RED CONTRAINCENDIO  1""",ML,EDIFICACION,true,MAESTRO
11007004.1002,10,11007004,"RED CONTRAINCENDIO  1 1/2""",ML,EDIFICACION,true,MAESTRO
11007004.1003,10,11007004,"RED CONTRA INCENDIO  2""",ML,EDIFICACION,true,MAESTRO
11007004.1004,10,11007004,"RED CONTRAINCENDIO  2 1/2""",ML,EDIFICACION,true,MAESTRO
11007004.1005,10,11007004,"RED CONTRA INCENDIO  3""",ML,EDIFICACION,true,MAESTRO
11007004.1006,10,11007004,"RED CONTRA INCENDIO  4""",ML,EDIFICACION,true,MAESTRO
11007004.1007,10,11007004,"RED CONTRAINCENDIO  6""",ML,EDIFICACION,true,MAESTRO
11007004.1008,10,11007004,ROCIADORES,UN,EDIFICACION,true,MAESTRO
11007004.1009,10,11007004,"RED CONTRAINCENDIO  1 1/4""",ML,EDIFICACION,true,MAESTRO
11007998,8,11007000,MATERIALES RED RCI,,EDIFICACION,true,MAESTRO
11007998.1050,10,11007998,MATERIALES RED CINCE,UN,EDIFICACION,true,MAESTRO
13000000,4,,APARATOS SANITARIOS,,EDIFICACION,true,MAESTRO
13001000,5,13000000,PORCELANA SANITARIA,,EDIFICACION,true,MAESTRO
13001001,8,13001000,LAVAMANOS,,EDIFICACION,true,MAESTRO
13001001.1001,10,13001001,LAVAMANOS BAÑO AUX,UN,EDIFICACION,true,MAESTRO
13001001.1002,10,13001001,LAVAMANOS BAÑO PPAL,UN,EDIFICACION,true,MAESTRO
13001001.1003,10,13001001,LAVAMANOS BAÑO SOCIAL,UN,EDIFICACION,true,MAESTRO
13001001.1004,10,13001001,LAVAMANOS BAÑO SERVICIO,UN,EDIFICACION,true,MAESTRO
13001001.1005,10,13001001,SANITARIO BAÑO AUX,UN,EDIFICACION,true,MAESTRO
13001001.1006,10,13001001,SANITARIO BAÑO PPAL,UN,EDIFICACION,true,MAESTRO
13001001.1007,10,13001001,SANITARIO BAÑO SOCIAL,UN,EDIFICACION,true,MAESTRO
13001001.1008,10,13001001,SANITARIO BAÑO SERVICIO,UN,EDIFICACION,true,MAESTRO
13001001.1009,10,13001001,INCRUSTACIONES BAÑO AUX,UN,EDIFICACION,true,MAESTRO
13001001.1010,10,13001001,INCRUSTACIONES BAÑO PPAL,UN,EDIFICACION,true,MAESTRO
13001001.1011,10,13001001,INCRUSTACIONES WC SOCIAL,UN,EDIFICACION,true,MAESTRO
13001001.1012,10,13001001,INCRUSTACIONES WC SERVICIO,UN,EDIFICACION,true,MAESTRO
13001001.1013,10,13001001,BARRA PARA DISCAPACITADOS,UN,EDIFICACION,true,MAESTRO
13001001.1014,10,13001001,LAVADERO EN GRANITO,UN,EDIFICACION,true,MAESTRO
13001001.1015,10,13001001,LAVADERO FIBRA DE VIDRIO,UN,EDIFICACION,true,MAESTRO
13001001.1016,10,13001001,LAVAPLATOS,UN,EDIFICACION,true,MAESTRO
13001001.1017,10,13001001,LAVAPLATOS BBQ,UN,EDIFICACION,true,MAESTRO
13001001.1018,10,13001001,LAVADERO PORCELANA FRIA,UN,EDIFICACION,true,MAESTRO
13001001.1019,10,13001001,TINA,UN,EDIFICACION,true,MAESTRO
13001001.1020,10,13001001,ORINAL,UN,EDIFICACION,true,MAESTRO
13001001.1021,10,13001001,LLAVE LAVADORA,UN,EDIFICACION,true,MAESTRO
13001001.1022,10,13001001,CAJA DE LAVADORA INC DETALLADA,UN,EDIFICACION,true,MAESTRO
13001001.1023,10,13001001,CAJA VALV GAS INC DETALLADA,UN,EDIFICACION,true,MAESTRO
13001001.1024,10,13001001,MEZCLADOR DUCHAS WC AUX,UN,EDIFICACION,true,MAESTRO
13001001.1025,10,13001001,MEZCLADOR DUCHAS WC PPAL,UN,EDIFICACION,true,MAESTRO
13001001.1026,10,13001001,DUCHA SENCILLA+INS POMAS,UN,EDIFICACION,true,MAESTRO
13006000,5,13000000,REJILLAS-TRAGANTES,,EDIFICACION,true,MAESTRO
13006002,8,13006000,REJILLAS CON SOSCO,,EDIFICACION,true,MAESTRO
13006002.1001,10,13006002,REJILLA PISO,UN,EDIFICACION,true,MAESTRO
13006003,8,13006000,REJILLAS PLANAS,,EDIFICACION,true,MAESTRO
13006003.1001,10,13006003,REJILLA BUITRON GAS,UN,EDIFICACION,true,MAESTRO
13006004,8,13006000,REJILLAS VENTILACION,,EDIFICACION,true,MAESTRO
13006004.1001,10,13006004,REJILLA VENTILACION COCINA,UN,EDIFICACION,true,MAESTRO
13006004.1003,10,13006004,REJILLA VENTILACION BAÑO,UN,EDIFICACION,true,MAESTRO
13007000,5,13000000,REJILLAS-TRAGANTES PFIJO,,EDIFICACION,true,MAESTRO
13007001,8,13007000,REJILLAS CON SOSCO,,EDIFICACION,true,MAESTRO
13007001.1101,10,13007001,PTO FIJO REJILLAS PISO,UN,EDIFICACION,true,MAESTRO
13007003,8,13007000,LLAVE TERMINAL,,EDIFICACION,true,MAESTRO
13007003.1101,10,13007003,PFIJO LAVATRAP LLAVE TERM,UN,EDIFICACION,true,MAESTRO
13007004,8,13007000,TRAGANTES,,EDIFICACION,true,MAESTRO
13007004.1001,10,13007004,REJILLA TRAGANTE CUB,UN,EDIFICACION,true,MAESTRO
14000000,4,,CARPINTERIA DE MADERA,,EDIFICACION,true,MAESTRO
14001000,5,14000000,PUERTAS Y MARCOS,,EDIFICACION,true,MAESTRO
14001001,8,14001000,PUERTA PRINCIPAL,,EDIFICACION,true,MAESTRO
14001001.1001,10,14001001,PUERTA+MARCO PPAL,UN,EDIFICACION,true,MAESTRO
14001002,8,14001000,PUERTAS ALCOBAS,,EDIFICACION,true,MAESTRO
14001002.1101,10,14001002,PUERTA+MARCO ALCOBAS,UN,EDIFICACION,true,MAESTRO
14001002.1102,10,14001002,PUERTA+MARCO VESTIER,UN,EDIFICACION,true,MAESTRO
14001002.1103,10,14001002,PUERTA+MARCO DISPONIBLE,UN,EDIFICACION,true,MAESTRO
14001002.1104,10,14001002,PUERTA+MARCO VESTIER CORREDIZA,UN,EDIFICACION,true,MAESTRO
14001002.1105,10,14001002,MARCO MADERA PTA ALCOBA,UN,EDIFICACION,true,MAESTRO
14001004,8,14001000,PUERTAS BAÑOS,,EDIFICACION,true,MAESTRO
14001004.1201,10,14001004,PUERTA+MARCO BAÑOS,UN,EDIFICACION,true,MAESTRO
14001004.1202,10,14001004,PUERTA BAÑOS,UN,EDIFICACION,true,MAESTRO
14001004.1203,10,14001004,MARCO MADERA PTA BAÑO,UN,EDIFICACION,true,MAESTRO
14001008,8,14001000,PUERTA ROPAS,,EDIFICACION,true,MAESTRO
14001008.1401,10,14001008,PUERTA+MARCO ROPAS,UN,EDIFICACION,true,MAESTRO
14001008.1402,10,14001008,PUERTA ROPAS CORREDIZA,UN,EDIFICACION,true,MAESTRO
14004000,5,14000000,CLOSETS-MUEBLES EN MADERA,,EDIFICACION,true,MAESTRO
14004001,8,14004000,CLOSET DE MADERA,,EDIFICACION,true,MAESTRO
14004001.1001,10,14004001,CLOSET ALC PPAL,ML,EDIFICACION,true,MAESTRO
14004001.1002,10,14004001,CLOSET ALC AUX1,ML,EDIFICACION,true,MAESTRO
14004001.1003,10,14004001,CLOSET ALC AUX2,ML,EDIFICACION,true,MAESTRO
14004002,8,14004000,VESTIER DE MADERA,,EDIFICACION,true,MAESTRO
14004002.1001,10,14004002,VESTIER ALC PPAL,ML,EDIFICACION,true,MAESTRO
14004003,8,14004000,MUEBLES DE COCINA,,EDIFICACION,true,MAESTRO
14004003.1001,10,14004003,MUEBLE SUP COCINA,ML,EDIFICACION,true,MAESTRO
14004003.1002,10,14004003,MUEBLE INF COCINA,ML,EDIFICACION,true,MAESTRO
14004003.1003,10,14004003,MUEBLE INF COCINA BARRA,ML,EDIFICACION,true,MAESTRO
14004003.1004,10,14004003,MUEBLE ISLA COCINA,ML,EDIFICACION,true,MAESTRO
14004003.1005,10,14004003,MUEBLE BAJO BBQ,UN,EDIFICACION,true,MAESTRO
14004004,8,14004000,MUEBLES EN BAÑO,,EDIFICACION,true,MAESTRO
14004004.1001,10,14004004,CMAD MUEBLE INF WC PPAL,UN,EDIFICACION,true,MAESTRO
14004004.1002,10,14004004,CMAD MUEBLE INF WC AUX,UN,EDIFICACION,true,MAESTRO
14004004.1003,10,14004004,CMAD MUEBLE INF WC SOCI,UN,EDIFICACION,true,MAESTRO
14004007,8,14004000,MUEBLE LAVADERO,,EDIFICACION,true,MAESTRO
14004007.1001,10,14004007,CMAD MUEBLE LAVADERO,UN,EDIFICACION,true,MAESTRO
14008000,5,14000000,VARIOS CARPINTERIA MADERA,,EDIFICACION,true,MAESTRO
14008001,8,14008000,PUERTA PROVISIONAL,,EDIFICACION,true,MAESTRO
14008001.1001,10,14008001,CMAD PUERTA PROVISIONAL APTO,UN,EDIFICACION,true,MAESTRO
15000000,4,,CARPINTERIA METALICA,,EDIFICACION,true,MAESTRO
15001000,5,15000000,CARPINTERIA ALUMINIO,,EDIFICACION,true,MAESTRO
15001001,8,15001000,PUERTA PATIO,,EDIFICACION,true,MAESTRO
15001001.1001,10,15001001,PTA PATIO,UN,EDIFICACION,true,MAESTRO
15001002,8,15001000,PUERTA BATIENTE,,EDIFICACION,true,MAESTRO
15001002.1001,10,15001002,PTA ROPAS EN VIDRIO CON PIVOTE,UN,EDIFICACION,true,MAESTRO
15001004,8,15001000,PUERTA VENTANA,,EDIFICACION,true,MAESTRO
15001004.1001,10,15001004,PTA VENTANA,UN,EDIFICACION,true,MAESTRO
15001005,8,15001000,VENTANERIA,,EDIFICACION,true,MAESTRO
15001005.1001,10,15001005,VENT COR/2C/1COR MITAD,UN,EDIFICACION,true,MAESTRO
15001005.1002,10,15001005,VENT BAT/2C/1BAT 0.4 FIJ,UN,EDIFICACION,true,MAESTRO
15001005.1003,10,15001005,VENT COR/2C/1COR 1/2/1FIJ INF,UN,EDIFICACION,true,MAESTRO
15001005.1004,10,15001005,VENT BAT/2C/1BAT 0.4/1FIJ INF,UN,EDIFICACION,true,MAESTRO
15001005.1005,10,15001005,VENT COR/4C/2COR CENTRO,UN,EDIFICACION,true,MAESTRO
15001005.1006,10,15001005,VENT BAT/3C/2BAT COSTADOS,UN,EDIFICACION,true,MAESTRO
15001005.1007,10,15001005,VENT  PT COR/4C/2COR CENTRO,UN,EDIFICACION,true,MAESTRO
15001005.1008,10,15001005,VENT PT BAT/3C/2BAT COSTADOS,UN,EDIFICACION,true,MAESTRO
15001005.1009,10,15001005,"VENT COR/2C/1COR MITAD h<1,2",UN,EDIFICACION,true,MAESTRO
15001005.1010,10,15001005,VENT ROPAS COR/2C,UN,EDIFICACION,true,MAESTRO
15001005.1011,10,15001005,VENT ASEO FIJ/1C/ REJILLA,UN,EDIFICACION,true,MAESTRO
15001005.1012,10,15001005,VENT BAT/2C/1BAT VERT SUP,UN,EDIFICACION,true,MAESTRO
15001005.1013,10,15001005,VENT FIJ/1C/ REJILLA,UN,EDIFICACION,true,MAESTRO
15001005.1014,10,15001005,VENT FIJ/1C/ REJILLA  H:0.36,UN,EDIFICACION,true,MAESTRO
15001005.1015,10,15001005,VENT BAT/1C/1BAT ARRIBA,UN,EDIFICACION,true,MAESTRO
15001005.1016,10,15001005,V08 PROY/1C/1PROY INF,UN,EDIFICACION,true,MAESTRO
15001005.1017,10,15001005,V09  FIJ/1C/ REJILLA,UN,EDIFICACION,true,MAESTRO
15001006,8,15001000,DIVISION DE BAÑO,,EDIFICACION,true,MAESTRO
15001006.1001,10,15001006,DIV BAÑO VID TEMPLADO,UN,EDIFICACION,true,MAESTRO
15001006.1009,10,15001006,DIVISION DE BAÑO ACERO INOX,M2,EDIFICACION,true,MAESTRO
15001010,8,15001000,CORTASOL,,EDIFICACION,true,MAESTRO
15001010.1001,10,15001010,CORTASOL LAMINA PERFORADA,M2,EDIFICACION,true,MAESTRO
15001011,8,15001000,PERSIANAS,,EDIFICACION,true,MAESTRO
15001011.1001,10,15001011,CMAQ PERSIANA,UN,EDIFICACION,true,MAESTRO
15001011.1002,10,15001011,CMET VENTANA SHUT,UN,EDIFICACION,true,MAESTRO
15003000,5,15000000,PUERTAS Y MARCOS,,EDIFICACION,true,MAESTRO
15003001,8,15003000,PUERTA METALICA,,EDIFICACION,true,MAESTRO
15003001.1001,10,15003001,PUERTA METALICA PPAL,UN,EDIFICACION,true,MAESTRO
15003001.1002,10,15003001,PUERTA METALICA PATIO,UN,EDIFICACION,true,MAESTRO
15003001.1003,10,15003001,PUERTA PPAL DE SEGURIDAD,UN,EDIFICACION,true,MAESTRO
15003001.1101,10,15003001,PUERTA MET CTOASEO/LAVATRAPERO,UN,EDIFICACION,true,MAESTRO
15003001.1102,10,15003001,PUERTA ACCESO A TORRE,UN,EDIFICACION,true,MAESTRO
15003001.1201,10,15003001,PUERTA METALICA CMAQ/CTA,UN,EDIFICACION,true,MAESTRO
15003001.1302,10,15003001,ESCOTILLA PFIJO/CMAQ,UN,EDIFICACION,true,MAESTRO
15003001.1401,10,15003001,PUERTA METALICA DEPOSITO,UN,EDIFICACION,true,MAESTRO
15003001.1402,10,15003001,PUERTA MET TRANSFORMADOR,UN,EDIFICACION,true,MAESTRO
15003001.1403,10,15003001,PUERTA MET PLANTA EMERGENCIA,UN,EDIFICACION,true,MAESTRO
15003001.1404,10,15003001,PUERTA MET CTO TABLEROS,UN,EDIFICACION,true,MAESTRO
15003001.1405,10,15003001,PUERTA MET CTO BOMBAS,UN,EDIFICACION,true,MAESTRO
15003001.1406,10,15003001,PUERTA MET CTO DE ASEO,UN,EDIFICACION,true,MAESTRO
15003001.1407,10,15003001,PORTON DE ACCESO VEHICULAR,UN,EDIFICACION,true,MAESTRO
15003001.1408,10,15003001,PUERTA ENRROLLABLE T. CORTINA,UN,EDIFICACION,true,MAESTRO
15003004,8,15003000,MARCO METALICO PUERTA,,EDIFICACION,true,MAESTRO
15003004.1001,10,15003004,MARCO METALICO PTA ALCOBA,UN,EDIFICACION,true,MAESTRO
15003004.1002,10,15003004,MARCO METALICO PTA BAÑO,UN,EDIFICACION,true,MAESTRO
15003009,8,15003000,PUERTA CORTAFUEGOS,,EDIFICACION,true,MAESTRO
15003009.1101,10,15003009,PTA CORTAFUEGO+CERRADURA ESCAL,UN,EDIFICACION,true,MAESTRO
15003011,8,15003000,PUERTA MEDIDORES,,EDIFICACION,true,MAESTRO
15003011.1001,10,15003011,REJILLAS METALICAS NICHO GAS,UN,EDIFICACION,true,MAESTRO
15003011.1002,10,15003011,PUERTA METAL MEDIDORES AGUA,UN,EDIFICACION,true,MAESTRO
15003011.1003,10,15003011,PUERTA METAL MEDIDORES LUZ TC,UN,EDIFICACION,true,MAESTRO
15003011.1004,10,15003011,PUERTA METAL MEDIDORES GAS TC,UN,EDIFICACION,true,MAESTRO
15003011.1005,10,15003011,REJILLAS MET MED PRIMER ET GAS,UN,EDIFICACION,true,MAESTRO
15003011.1006,10,15003011,CAJA METALICA MED GAS,UN,EDIFICACION,true,MAESTRO
15003011.1007,10,15003011,REJILLAS METALICAS NICHO ELEC,UN,EDIFICACION,true,MAESTRO
15003012,8,15003000,PUERTA EN PVC,,EDIFICACION,true,MAESTRO
15003012.1001,10,15003012,PUERTA PEGLABLE PVC,UN,EDIFICACION,true,MAESTRO
15004000,5,15000000,BARANDAS Y PASAMANOS,,EDIFICACION,true,MAESTRO
15004003,8,15004000,PASAMANOS P.FIJO,,EDIFICACION,true,MAESTRO
15004003.1101,10,15004003,PASAMANOS METAL PFIJO,ML,EDIFICACION,true,MAESTRO
15004004,8,15004000,PASAMANOS ESCALERA,,EDIFICACION,true,MAESTRO
15004004.1102,10,15004004,PASAMANOS METAL ESCAL,ML,EDIFICACION,true,MAESTRO
15004005,8,15004000,PASAMANOS TERRAZA,,EDIFICACION,true,MAESTRO
15004005.1301,10,15004005,PASAMANOS METAL CUB,ML,EDIFICACION,true,MAESTRO
15004006,8,15004000,BARANDA BALCON,,EDIFICACION,true,MAESTRO
15004006.1001,10,15004006,BARANDA MET BALCON ML,ML,EDIFICACION,true,MAESTRO
15004006.1002,10,15004006,BARANDA BALCON+VIDRIO ML,ML,EDIFICACION,true,MAESTRO
15004007,8,15004000,BARANDA ALCOBA,,EDIFICACION,true,MAESTRO
15004007.1003,10,15004007,BARANDA MET ALCOBA ML,ML,EDIFICACION,true,MAESTRO
15004007.1004,10,15004007,BARANDA ALCOBA+VIDRIO ML,ML,EDIFICACION,true,MAESTRO
15004009,8,15004000,BARANDA PUNTO FIJO,,EDIFICACION,true,MAESTRO
15004009.1101,10,15004009,BARANDA MET PUNTO FIJO,ML,EDIFICACION,true,MAESTRO
15004009.1102,10,15004009,BARANDA PUNTO FIJO+VIDRIO,ML,EDIFICACION,true,MAESTRO
15004010,8,15004000,BARANDA ESCALERA,,EDIFICACION,true,MAESTRO
15004010.1103,10,15004010,BARANDA METAL ESCALERA,ML,EDIFICACION,true,MAESTRO
15004011,8,15004000,BARANDA TERRAZA,,EDIFICACION,true,MAESTRO
15004011.1301,10,15004011,BARANDA METAL CUB,ML,EDIFICACION,true,MAESTRO
15004011.1302,10,15004011,BARANDA METAL CUB+VIDRIO,ML,EDIFICACION,true,MAESTRO
15004015,8,15004000,BARANDA PLACA AIRE,,EDIFICACION,true,MAESTRO
15004015.1007,10,15004015,BARANDA REJA NICHO AA,ML,EDIFICACION,true,MAESTRO
15005000,5,15000000,VARIOS CARPINTERIA METAL,,EDIFICACION,true,MAESTRO
15005006,8,15005000,DUCTO METAL BASURAS,,EDIFICACION,true,MAESTRO
15005006.1001,10,15005006,DUCTO PROV METAL. BASURAS,ML,EDIFICACION,true,MAESTRO
15005006.1002,10,15005006,SHUT BASURAS  DUCTO ML,ML,EDIFICACION,true,MAESTRO
15005006.1003,10,15005006,SHUT BASURAS TAPA CON MARCO,UN,EDIFICACION,true,MAESTRO
15005008,8,15005000,DUCTO METALICO GAS,,EDIFICACION,true,MAESTRO
15005008.1001,10,15005008,DUCTO METALICO GAS CALENTADOR,ML,EDIFICACION,true,MAESTRO
15005010,8,15005000,DILATACIONES TORRES,,EDIFICACION,true,MAESTRO
15005010.1001,10,15005010,DILATACION TORRES METAL,ML,EDIFICACION,true,MAESTRO
15005011,8,15005000,ESCALERA METALICA,,EDIFICACION,true,MAESTRO
15005011.1001,10,15005011,ESCALERA DE GATO,UN,EDIFICACION,true,MAESTRO
15005011.1002,10,15005011,ESCALERA METALICA CMAQ,UN,EDIFICACION,true,MAESTRO
15005012,8,15005000,TAPA ACCESO CMAQ,,EDIFICACION,true,MAESTRO
15005012.1001,10,15005012,TAPA ACCESO C.MAQUINAS,UN,EDIFICACION,true,MAESTRO
15005013,8,15005000,NOMENCLATURA VIVIENDA,,EDIFICACION,true,MAESTRO
15005013.1001,10,15005013,NOMENCLATURA DE VIVIENDA,UN,EDIFICACION,true,MAESTRO
15005013.1002,10,15005013,NOMENCLATURA MEDIDOR DE AGUA,UN,EDIFICACION,true,MAESTRO
15005013.1003,10,15005013,NOMENCLATURA MEDIDOR DE GAS,UN,EDIFICACION,true,MAESTRO
15005014,8,15005000,NOMENCLATURA TORRE,,EDIFICACION,true,MAESTRO
15005014.1001,10,15005014,NOMENCLATURA DE TORRE,UN,EDIFICACION,true,MAESTRO
15005014.1002,10,15005014,NOMENCLATURA RUTA EVAC. PFIJO,UN,EDIFICACION,true,MAESTRO
15005014.1003,10,15005014,NOMENCLATURA PISO PF+ESC,UN,EDIFICACION,true,MAESTRO
15005018,8,15005000,REJILLAS METALICAS,,EDIFICACION,true,MAESTRO
15005018.1001,10,15005018,PQ REJILLAS MET VENTILACION,UN,EDIFICACION,true,MAESTRO
15005018.1002,10,15005018,REJILLAS SUMIDERO CTO ASEO,ML,EDIFICACION,true,MAESTRO
15005018.1003,10,15005018,LAMINA ALAFAJOR SUBESTACION,M2,EDIFICACION,true,MAESTRO
15005022,8,15005000,ANGULO DILATACION,,EDIFICACION,true,MAESTRO
15005022.1001,10,15005022,JUNTA DE CONSTRUCCION,ML,EDIFICACION,true,MAESTRO
15005023,8,15005000,BICICLETERO,,EDIFICACION,true,MAESTRO
15005023.1001,10,15005023,BICICLETERO,UN,EDIFICACION,true,MAESTRO
16000000,4,,APARATOS Y EQUIPOS,,EDIFICACION,true,MAESTRO
16001000,5,16000000,MESONES,,EDIFICACION,true,MAESTRO
16001001,8,16001000,MESON COCINA ACERO,,EDIFICACION,true,MAESTRO
16001001.1001,10,16001001,MESON COCINA ACERO LAV,UN,EDIFICACION,true,MAESTRO
16001001.1002,10,16001001,MESON COCINA ACERO LAV+ESTUF,UN,EDIFICACION,true,MAESTRO
16001002,8,16001000,MESON COCINA GRANITO,,EDIFICACION,true,MAESTRO
16001002.1101,10,16001002,MESON PPAL COCINA GRANITO,ML,EDIFICACION,true,MAESTRO
16001002.1102,10,16001002,MESON PPAL COCINA MARMOL,ML,EDIFICACION,true,MAESTRO
16001002.1121,10,16001002,MESON AUX COC GRANITO,ML,EDIFICACION,true,MAESTRO
16001002.1141,10,16001002,MESON BBQ GRANITO,ML,EDIFICACION,true,MAESTRO
16001002.1161,10,16001002,MESON PPAL COCINA GRANITO >0.6,M2,EDIFICACION,true,MAESTRO
16001002.1181,10,16001002,MESON AUX COC GRANITO >0.6,M2,EDIFICACION,true,MAESTRO
16001002.1201,10,16001002,MESON BBQ GRANITO >0.6,M2,EDIFICACION,true,MAESTRO
16001002.1221,10,16001002,SALPICADERO MESON GRAN H:>0.1,ML,EDIFICACION,true,MAESTRO
16001002.1241,10,16001002,SALPICADERO MESON BBQ H:>0.1,ML,EDIFICACION,true,MAESTRO
16001002.1301,10,16001002,MESON COCINA PRINC PIED SINTERIZ ML,ML,EDIFICACION,true,MAESTRO
16001002.1302,10,16001002,MESON COCINA AUX PIED SINTERIZ ML,ML,EDIFICACION,true,MAESTRO
16001002.1303,10,16001002,MESON BBQ PIED SINTERIZ ML,ML,EDIFICACION,true,MAESTRO
16001002.1304,10,16001002,MESON COC PRINC PIED SINTERIZ M2,M2,EDIFICACION,true,MAESTRO
16001002.1305,10,16001002,MESON COC AUX PIED SINTERIZ M2,M2,EDIFICACION,true,MAESTRO
16001002.1306,10,16001002,MESON BBQ PIED SINTERIZ M2,M2,EDIFICACION,true,MAESTRO
16001002.1307,10,16001002,SALPICADERO PIED SINTERIZ  H:>0.1,ML,EDIFICACION,true,MAESTRO
16001003,8,16001000,MESON COCINA POLIGRA,,EDIFICACION,true,MAESTRO
16001003.1301,10,16001003,MESON PPAL COCINA POLIGRANITO,M2,EDIFICACION,true,MAESTRO
16001004,8,16001000,MESON COCINA MARMOL,,EDIFICACION,true,MAESTRO
16001004.1101,10,16001004,MESON PPAL COCINA MARMOL,M2,EDIFICACION,true,MAESTRO
16001004.1102,10,16001004,MESON AUX COC MARMOL,M2,EDIFICACION,true,MAESTRO
16001004.1103,10,16001004,MESON BBQ MARMOL,M2,EDIFICACION,true,MAESTRO
16001004.1104,10,16001004,SALPICADERO MAMOLTECH  H:>0.1,ML,EDIFICACION,true,MAESTRO
16001004.1105,10,16001004,SALPICAD MARMOLTECH  BBQ H:>0.1,ML,EDIFICACION,true,MAESTRO
16001004.1106,10,16001004,SALPICAD MARMOL H:>0.1,ML,EDIFICACION,true,MAESTRO
16001005,8,16001000,MESON BAÑO GRANITO,,EDIFICACION,true,MAESTRO
16001005.1101,10,16001005,MESON GRANITO BAÑO PPAL,M2,EDIFICACION,true,MAESTRO
16001005.1151,10,16001005,MESON GRANITO BAÑO AUX,M2,EDIFICACION,true,MAESTRO
16001005.1152,10,16001005,MESON GRANITO BAÑO SOC,M2,EDIFICACION,true,MAESTRO
16001005.1301,10,16001005,MESON PIED SINTERIZ BAÑO PPAL,M2,EDIFICACION,true,MAESTRO
16001005.1302,10,16001005,MESON PIED SINTERIZ BAÑO AUX,M2,EDIFICACION,true,MAESTRO
16001005.1303,10,16001005,MESON PIED SINTERIZ BAÑO SOC,M2,EDIFICACION,true,MAESTRO
16001007,8,16001000,MESON BAÑO MARMOL,,EDIFICACION,true,MAESTRO
16001007.1401,10,16001007,MESON MARMOL BAÑO PPAL,M2,EDIFICACION,true,MAESTRO
16001007.1451,10,16001007,MESON MARMOL BAÑO AUX,M2,EDIFICACION,true,MAESTRO
16001007.1452,10,16001007,MESON MARMOL BAÑO SOC,M2,EDIFICACION,true,MAESTRO
16001007.1453,10,16001007,SALPICAD MARMOL WC PPAL H:>0.1,ML,EDIFICACION,true,MAESTRO
16001007.1454,10,16001007,SALPICAD MARMOL WC AUX H:>0.1,ML,EDIFICACION,true,MAESTRO
16002000,5,16000000,APARATOS COCINA,,EDIFICACION,true,MAESTRO
16002001,8,16002000,CAMPANA EXTRACT COCINA,,EDIFICACION,true,MAESTRO
16002001.1001,10,16002001,CAMPANA EXTRACTORA,UN,EDIFICACION,true,MAESTRO
16002001.1002,10,16002001,CAMPANA EXTRACTORA TIPO ISLA,UN,EDIFICACION,true,MAESTRO
16002001.1003,10,16002001,CAMPANA EXTRACTORA BBQ,UN,EDIFICACION,true,MAESTRO
16002001.1004,10,16002001,CAMPANA EXTRACTORA BBQ T.ISLA,UN,EDIFICACION,true,MAESTRO
16002001.1005,10,16002001,HORNO,UN,EDIFICACION,true,MAESTRO
16002001.1006,10,16002001,ESTUFA DE EMPOTRAR,UN,EDIFICACION,true,MAESTRO
16002001.1007,10,16002001,CALENTADOR A GAS TN,UN,EDIFICACION,true,MAESTRO
16002001.1008,10,16002001,CALENTADOR A GAS TFORZADO,UN,EDIFICACION,true,MAESTRO
16002001.1009,10,16002001,PARRILLA BBQ,UN,EDIFICACION,true,MAESTRO
16003000,5,16000000,EQUIPOS TORRES,,EDIFICACION,true,MAESTRO
16003001,8,16003000,GABINETE CINCE,,EDIFICACION,true,MAESTRO
16003001.1001,10,16003001,GABINETE CONTRAINCENDIO T3,UN,EDIFICACION,true,MAESTRO
16003001.1002,10,16003001,GABINETE CONTRAINCENDIO T2,UN,EDIFICACION,true,MAESTRO
16003001.1003,10,16003001,GABINETE CONTRAINCENDIO T1,UN,EDIFICACION,true,MAESTRO
16003001.1004,10,16003001,RCI EXTINTOR,UN,EDIFICACION,true,MAESTRO
16003001.1005,10,16003001,INST DETECTOR DE HUMO APTO,UN,EDIFICACION,true,MAESTRO
16003002,8,16003000,ASCENSOR,,EDIFICACION,true,MAESTRO
16003002.1001,10,16003002,ASCENSOR SUM+INST+ESPEJOS,UN,EDIFICACION,true,MAESTRO
16003002.1003,10,16003002,ADECUACION ASCENSOR QUICIO,UN,EDIFICACION,true,MAESTRO
16003002.1005,10,16003002,MANTENIMIENTO ASCENSOR,UN,EDIFICACION,true,MAESTRO
16003002.1006,10,16003002,SUM INS SALVAESCALERA,UN,EDIFICACION,true,MAESTRO
16003003,8,16003000,VENTILACION MECANICA,,EDIFICACION,true,MAESTRO
16003003.1001,10,16003003,PQ VENTILACIN MECANICA,UN,EDIFICACION,true,MAESTRO
16004000,5,16000000,EQUIPOS ESPECIALES,,EDIFICACION,true,MAESTRO
16004002,8,16004000,EXTRACTOR DE OLORES,,EDIFICACION,true,MAESTRO
16004002.1001,10,16004002,INSTAL VENTILACION MEC BAÑOS,UN,EDIFICACION,true,MAESTRO
16004003,8,16004000,EQUIP AIRE ACONDICIONA,,EDIFICACION,true,MAESTRO
16004003.1001,10,16004003,RED REFRIGERACION AA ALC PPAL,UN,EDIFICACION,true,MAESTRO
16004003.1002,10,16004003,RED REFRIGERACION AA ALC AUX,UN,EDIFICACION,true,MAESTRO
16004003.1003,10,16004003,RED REFRIGERACION AA DISP,UN,EDIFICACION,true,MAESTRO
16004003.1004,10,16004003,RED REFRIGERACION AA SALA/COM,UN,EDIFICACION,true,MAESTRO
16004003.1005,10,16004003,RED REFRIGERACION AA,UN,EDIFICACION,true,MAESTRO
16004089,8,16004000,DOTACION ED.COMUN,,EDIFICACION,true,MAESTRO
16004089.1001,10,16004089,DOTACION ED.COMUNALES,UN,EDIFICACION,true,MAESTRO
16004089.1002,10,16004089,DOTACION POOL HOUSE,UN,EDIFICACION,true,MAESTRO
16004090,8,16004000,DOTACION PORTERIA,,EDIFICACION,true,MAESTRO
16004090.1001,10,16004090,DOTACION PORTERIA,UN,EDIFICACION,true,MAESTRO
18000000,4,,VIDRIOS,,EDIFICACION,true,MAESTRO
18001000,5,18000000,VIDRIOS Y ESPEJOS,,EDIFICACION,true,MAESTRO
18001001,8,18001000,ESPEJO BAÑO,,EDIFICACION,true,MAESTRO
18001001.1001,10,18001001,ESPEJO BAÑO PPAL,M2,EDIFICACION,true,MAESTRO
18001001.1002,10,18001001,ESPEJO BAÑO AUX,M2,EDIFICACION,true,MAESTRO
18001001.1003,10,18001001,ESPEJO BAÑO SOCIAL,M2,EDIFICACION,true,MAESTRO
18001014,8,18001000,ESPEJOS VARIOS,,EDIFICACION,true,MAESTRO
18001014.1003,10,18001014,ESPEJO RAMPAS,UN,EDIFICACION,true,MAESTRO
19000000,4,,PINTURA,,EDIFICACION,true,MAESTRO
19001000,5,19000000,PINTURA EXTERIOR,,EDIFICACION,true,MAESTRO
19001002,8,19001000,GRANIPLAST,,EDIFICACION,true,MAESTRO
19001002.1001,10,19001002,GRANIPLAST,M2,EDIFICACION,true,MAESTRO
19001002.1002,10,19001002,GRANIPLAST EMPASTE,M2,EDIFICACION,true,MAESTRO
19001002.1003,10,19001002,GRANIPLAST DILATACIONES,ML,EDIFICACION,true,MAESTRO
19001002.1004,10,19001002,PLASTIESTUCO,M2,EDIFICACION,true,MAESTRO
19001002.1005,10,19001002,PINT KORAZA,M2,EDIFICACION,true,MAESTRO
19001002.1006,10,19001002,PINT FACHADA ARMADA ANDAMIOS,UN,EDIFICACION,true,MAESTRO
19001002.1007,10,19001002,GRANIACRYLL,M2,EDIFICACION,true,MAESTRO
19001002.1008,10,19001002,MICROCEMENTO,M2,EDIFICACION,true,MAESTRO
19001002.1009,10,19001002,GRANIPLAST+IMPRIMANTE,M2,EDIFICACION,true,MAESTRO
19001002.1010,10,19001002,PINTURA ALFAGIA CUBIERTA,ML,EDIFICACION,true,MAESTRO
19001002.1011,10,19001002,PINT RELLENO BORD RELL BALCON,ML,EDIFICACION,true,MAESTRO
19002000,5,19000000,PINTURA INTERIOR,,EDIFICACION,true,MAESTRO
19002003,8,19002000,ESTUCO,,EDIFICACION,true,MAESTRO
19002003.1001,10,19002003,PINT ESTUCO,M2,EDIFICACION,true,MAESTRO
19002003.1002,10,19002003,PINT ESTUCO / MUROS MAMP,M2,EDIFICACION,true,MAESTRO
19002003.1003,10,19002003,PINT PVA MUROS CONCRETO,M2,EDIFICACION,true,MAESTRO
19002004,8,19002000,PINTURA SOBRE ESTUCO,,EDIFICACION,true,MAESTRO
19002004.1001,10,19002004,PINTURA 1 MANO,M2,EDIFICACION,true,MAESTRO
19002004.1002,10,19002004,PINTURA 2 MANO,M2,EDIFICACION,true,MAESTRO
19002004.1003,10,19002004,PINTURA 3 MANO,M2,EDIFICACION,true,MAESTRO
19002004.1004,10,19002004,PINTURA 4 MANO,M2,EDIFICACION,true,MAESTRO
19002004.1005,10,19002004,PINTURA DETALLADA,M2,EDIFICACION,true,MAESTRO
19002004.1006,10,19002004,MICROCEMENTO INTERNO,M2,EDIFICACION,true,MAESTRO
19002004.1007,10,19002004,PINTURA ACRILICA,M2,EDIFICACION,true,MAESTRO
19002010,8,19002000,CAL + VINILO,,EDIFICACION,true,MAESTRO
19002010.1011,10,19002010,PINT CAL VINILO,M2,EDIFICACION,true,MAESTRO
19002011,8,19002000,ESTUCO PLACA,,EDIFICACION,true,MAESTRO
19002011.1011,10,19002011,PINT PLACA ESTUCO,M2,EDIFICACION,true,MAESTRO
19002012,8,19002000,PINTURA PLACA,,EDIFICACION,true,MAESTRO
19002012.1011,10,19002012,PINTURA PLACA 1A MANO,M2,EDIFICACION,true,MAESTRO
19002012.1012,10,19002012,PINTURA PLACA 2A MANO,M2,EDIFICACION,true,MAESTRO
19002012.1013,10,19002012,PINTURA PLACA 3A MANO,M2,EDIFICACION,true,MAESTRO
19002012.1014,10,19002012,PINTURA PLACA 4A MANO,M2,EDIFICACION,true,MAESTRO
19002012.1015,10,19002012,PINTURA PLACA DETALLADA,M2,EDIFICACION,true,MAESTRO
19002015,8,19002000,GRANIPLAST,,EDIFICACION,true,MAESTRO
19002015.1001,10,19002015,PINT PLACA GRANIPLAST,M2,EDIFICACION,true,MAESTRO
19002016,8,19002000,CARRAPLAST PLACA,,EDIFICACION,true,MAESTRO
19002016.1001,10,19002016,PINT PLACA CARRAPLAST,M2,EDIFICACION,true,MAESTRO
19002018,8,19002000,PINTURA EPOXICA,,EDIFICACION,true,MAESTRO
19002018.1001,10,19002018,PINTURA EPOXICA,M2,EDIFICACION,true,MAESTRO
19002020,8,19002000,PINTURA PARQUEADERO,,EDIFICACION,true,MAESTRO
19002020.1011,10,19002020,PINT GRIS BASALTO,M2,EDIFICACION,true,MAESTRO
19002020.1012,10,19002020,PINTURA LINEALES PQ,ML,EDIFICACION,true,MAESTRO
19002020.1013,10,19002020,PINTURA NUMERO PQ,UN,EDIFICACION,true,MAESTRO
19002020.1014,10,19002020,PINTURA NUMERO APTO,UN,EDIFICACION,true,MAESTRO
19002020.1015,10,19002020,PINTURA TOPELLANTA,UN,EDIFICACION,true,MAESTRO
19002020.1016,10,19002020,PINTURA FLECHA,UN,EDIFICACION,true,MAESTRO
19002020.1017,10,19002020,PINTURA CEBRA,M2,EDIFICACION,true,MAESTRO
19002020.1018,10,19002020,PINTURA PARE,UN,EDIFICACION,true,MAESTRO
19002020.1019,10,19002020,PINT MUROS NEGRA,ML,EDIFICACION,true,MAESTRO
19002020.1020,10,19002020,PINT MUROS AMARILLA,ML,EDIFICACION,true,MAESTRO
19003000,5,19000000,PINTURA PUNTO FIJO/CMAQ,,EDIFICACION,true,MAESTRO
19003003,8,19003000,ESTUCO,,EDIFICACION,true,MAESTRO
19003003.1101,10,19003003,PINT PFIJO ESTUCO,M2,EDIFICACION,true,MAESTRO
19003003.1102,10,19003003,PINT PFIJO ESTUCO / MUROS MAMP,M2,EDIFICACION,true,MAESTRO
19003003.1103,10,19003003,PINT PFIJO PVA MUROS CONCRETO,M2,EDIFICACION,true,MAESTRO
19003004,8,19003000,PINTURA SOBRE ESTUCO,,EDIFICACION,true,MAESTRO
19003004.1101,10,19003004,PINT PFIJO PRIMERA MANO,M2,EDIFICACION,true,MAESTRO
19003004.1102,10,19003004,PINT PFIJO SEGUNDA MANO,M2,EDIFICACION,true,MAESTRO
19003004.1103,10,19003004,PINT PFIJO TERCERA MANO,M2,EDIFICACION,true,MAESTRO
19003004.1104,10,19003004,PINT PFIJO CUARTA MANO,M2,EDIFICACION,true,MAESTRO
19003004.1105,10,19003004,PINT PFIJO DETALLADA,M2,EDIFICACION,true,MAESTRO
19003004.1106,10,19003004,PINT TUB BAJANTE SANT PATIO,ML,EDIFICACION,true,MAESTRO
19003004.1107,10,19003004,PINT PISO ESCALERAS,M2,EDIFICACION,true,MAESTRO
19003010,8,19003000,CAL + VINILO,,EDIFICACION,true,MAESTRO
19003010.1101,10,19003010,PINT PFIJO FOSO CAL+VINILO,M2,EDIFICACION,true,MAESTRO
19003011,8,19003000,ESTUCO PLACA,,EDIFICACION,true,MAESTRO
19003011.1111,10,19003011,PINT PFIJO PLACA ESTUCO,M2,EDIFICACION,true,MAESTRO
19003012,8,19003000,PINTURA PLACA,,EDIFICACION,true,MAESTRO
19003012.1111,10,19003012,PINT PFIJO PLACA PFIJO 1A MANO,M2,EDIFICACION,true,MAESTRO
19003012.1112,10,19003012,PINT PFIJO PLACA PFIJO 2A MANO,M2,EDIFICACION,true,MAESTRO
19003012.1113,10,19003012,PINT PFIJO PLACA PFIJO 3A MANO,M2,EDIFICACION,true,MAESTRO
19003012.1114,10,19003012,PINT PFIJO PLACA PFIJO 4A MANO,M2,EDIFICACION,true,MAESTRO
19003012.1115,10,19003012,PINT PFIJO PLACA DETALLADA,M2,EDIFICACION,true,MAESTRO
19003015,8,19003000,GRANIPLAST,,EDIFICACION,true,MAESTRO
19003015.1101,10,19003015,PINT PFIJO EMPASTE GRANIPLAST,M2,EDIFICACION,true,MAESTRO
19003015.1102,10,19003015,PINT PFIJO GRANIPLAST,M2,EDIFICACION,true,MAESTRO
19003015.1103,10,19003015,PINT PFIJO GRANIPLAST+IMPRIMANTE,M2,EDIFICACION,true,MAESTRO
19003016,8,19003000,CARRAPLAST PLACA,,EDIFICACION,true,MAESTRO
19003016.1104,10,19003016,PINT PFIJO PLACA CARRAPLAST,M2,EDIFICACION,true,MAESTRO
19003017,8,19003000,RETOQUES DE PINTURA,,EDIFICACION,true,MAESTRO
19003017.1101,10,19003017,PINT PFIJO ENTREG ADMIN GRANIP,M2,EDIFICACION,true,MAESTRO
19007000,5,19000000,PINTURA CARP METALICA,,EDIFICACION,true,MAESTRO
19007001,8,19007000,PINTURA PUERTA METAL.,,EDIFICACION,true,MAESTRO
19007001.1001,10,19007001,PINT PUERTA METAL PPAL,M2,EDIFICACION,true,MAESTRO
19007001.1002,10,19007001,PINT MARCO PUERTA PPAL,ML,EDIFICACION,true,MAESTRO
19008000,5,19000000,PINTURA CARP METAL PFIJO,,EDIFICACION,true,MAESTRO
19008001,8,19008000,PINTURA PUERTA METAL.,,EDIFICACION,true,MAESTRO
19008001.1101,10,19008001,PINT PUERTA LAVATRAPEROS,M2,EDIFICACION,true,MAESTRO
19008001.1102,10,19008001,PINT MARCO PTA LAVATRAPEROS,ML,EDIFICACION,true,MAESTRO
19008001.1103,10,19008001,PINT  BARANDA BALCON,M2,EDIFICACION,true,MAESTRO
19008002,8,19008000,PINTURA METALICA,,EDIFICACION,true,MAESTRO
19008002.1101,10,19008002,PINT METALICA CONT AGUA,M2,EDIFICACION,true,MAESTRO
19008002.1102,10,19008002,PINT METALICA GABIN CINCE M2,M2,EDIFICACION,true,MAESTRO
19008002.1103,10,19008002,PINT METALICA CAJAS TV,M2,EDIFICACION,true,MAESTRO
19008006,8,19008000,PINTURA PASAMANOS,,EDIFICACION,true,MAESTRO
19008006.1101,10,19008006,PINT P.FIJO PASAMANOS,ML,EDIFICACION,true,MAESTRO
19008007,8,19008000,PINTURA BARANDAS,,EDIFICACION,true,MAESTRO
19008007.1102,10,19008007,PINT P.FIJO BARANDA,M2,EDIFICACION,true,MAESTRO
19008008,8,19008000,PINTURA BARANDAS ESCAL,,EDIFICACION,true,MAESTRO
19008008.1101,10,19008008,PINT ESCAL BARANDA,M2,EDIFICACION,true,MAESTRO
19008009,8,19008000,PINTURA PASAMANO ESCAL,,EDIFICACION,true,MAESTRO
19008009.1102,10,19008009,PINT ESCAL PASAMANOS,ML,EDIFICACION,true,MAESTRO
19010000,5,19000000,PINTURA CARP METAL CMAQ,,EDIFICACION,true,MAESTRO
19010002,8,19010000,PINTURA METALICA,,EDIFICACION,true,MAESTRO
19010002.1201,10,19010002,PINT METALICA PUERTA CUBIERTA,M2,EDIFICACION,true,MAESTRO
19010002.1202,10,19010002,PINT METALICA PUERTA CMAQ,M2,EDIFICACION,true,MAESTRO
19010002.1203,10,19010002,PINT MARCO PUERTA CUBIERTA,ML,EDIFICACION,true,MAESTRO
19010002.1204,10,19010002,PINT MARCO PUERTA CMAQ,ML,EDIFICACION,true,MAESTRO
20000000,4,,VARIOS,,EDIFICACION,true,MAESTRO
20001000,5,20000000,ASEOS,,EDIFICACION,true,MAESTRO
20001001,8,20001000,ASEO INTERIOR,,EDIFICACION,true,MAESTRO
20001001.1001,10,20001001,ASEO SIN ACABADOS,M2,EDIFICACION,true,MAESTRO
20001001.1002,10,20001001,ASEO CON ACABADOS,M2,EDIFICACION,true,MAESTRO
20001001.1003,10,20001001,ASEO CON ACAB Y CARP. M.,M2,EDIFICACION,true,MAESTRO
20001001.1004,10,20001001,ASEO LAVAD MURO CONC VIS,M2,EDIFICACION,true,MAESTRO
20001001.1005,10,20001001,ASEO VENTANERIA FACHADA ESP,M2,EDIFICACION,true,MAESTRO
20001001.1006,10,20001001,ASEO PARQUEADEROS,M2,EDIFICACION,true,MAESTRO
20001002,8,20001000,ASEO PUNTO FIJO,,EDIFICACION,true,MAESTRO
20001002.1101,10,20001002,ASEO PFIJO CON ACABADOS,M2,EDIFICACION,true,MAESTRO
20001002.1102,10,20001002,ASEO PFIJO ESCAL CON ACABADOS,M2,EDIFICACION,true,MAESTRO
20001002.1103,10,20001002,ASEO PFIJO SIN ACABADOS,M2,EDIFICACION,true,MAESTRO
20001002.1104,10,20001002,ASEO PFIJO ESCAL SIN ACABADOS,M2,EDIFICACION,true,MAESTRO
20001005,8,20001000,ASEO CUARTO MAQUINA,,EDIFICACION,true,MAESTRO
20001005.1201,10,20001005,ASEO CMAQ CON ACABADOS,M2,EDIFICACION,true,MAESTRO
20001007,8,20001000,RETOQUE ADICIONAL,,EDIFICACION,true,MAESTRO
20001007.1001,10,20001007,ASEO RETOQUE REPROGRAMA.,M2,EDIFICACION,true,MAESTRO
20001007.1002,10,20001007,ASEO RETOQUE REPROG SACAB,M2,EDIFICACION,true,MAESTRO
20001008,8,20001000,ASEO GENERAL DE OBRA,,EDIFICACION,true,MAESTRO
20001008.1001,10,20001008,JORNALES ASEO GENERAL,UN,EDIFICACION,true,MAESTRO
20002000,5,20000000,VARIOS,,EDIFICACION,true,MAESTRO
20002002,8,20002000,ACARREOS VARIOS,,EDIFICACION,true,MAESTRO
20002002.1001,10,20002002,ACARREOS,UN,EDIFICACION,true,MAESTRO
20002004,8,20002000,SALARIOS SERVICIOS TEM,,EDIFICACION,true,MAESTRO
20002004.1001,10,20002004,AUXILIAR DE ALMACEN,UN,EDIFICACION,true,MAESTRO
20002004.1002,10,20002004,LLAVERO,UN,EDIFICACION,true,MAESTRO
20002004.1003,10,20002004,OPERADORES EQUIPOS,UN,EDIFICACION,true,MAESTRO
20002005,8,20002000,VIGILANCIA,,EDIFICACION,true,MAESTRO
20002005.1001,10,20002005,SERVICIO DE VIGILANCIA,MES,EDIFICACION,true,MAESTRO
20002099,8,20002000,ACARREOS DE ESCOMBROS,,EDIFICACION,true,MAESTRO
20002099.1001,10,20002099,ACARREOS RETIRO ESCOMBROS,UN,EDIFICACION,true,MAESTRO
20003000,5,20000000,FERRETERIA Y HERRAMIENTAS,,EDIFICACION,true,MAESTRO
20003001,8,20003000,FERRETERIA-HERRAMIENTA,,EDIFICACION,true,MAESTRO
20003001.1001,10,20003001,FERRETERIA Y HERRAMIENTAS,UN,EDIFICACION,true,MAESTRO
20004000,5,20000000,SEGURIDAD INDUSTRIAL,,EDIFICACION,true,MAESTRO
20004002,8,20004000,ELEMENTO PROTEC. (EPP),,EDIFICACION,true,MAESTRO
20004002.1001,10,20004002,ELEMENTO PROTEC. (EPP),UN,EDIFICACION,true,MAESTRO
20004003,8,20004000,BARRERAS DE SEGURIDAD,,EDIFICACION,true,MAESTRO
20004003.1001,10,20004003,MALLA PROTECCION FACHADA,M2,EDIFICACION,true,MAESTRO
20004003.1002,10,20004003,BARRERAS DE SEGURIDAD,GL,EDIFICACION,true,MAESTRO
20004003.1003,10,20004003,MAMPARAS,GL,EDIFICACION,true,MAESTRO
20004004,8,20004000,INSPECTOR DE SEGURIDAD,,EDIFICACION,true,MAESTRO
20004004.1001,10,20004004,INSPECTOR SISO ESTRUCTURA,MES,EDIFICACION,true,MAESTRO
20004005,8,20004000,FUMIGACIONES,,EDIFICACION,true,MAESTRO
20004005.1001,10,20004005,FUMIGACIONES,UN,EDIFICACION,true,MAESTRO
20004006,8,20004000,POLEAS ANDAMIOS,,EDIFICACION,true,MAESTRO
20004006.1001,10,20004006,MAMP COMPRA SECC ANDAMIOS,UN,EDIFICACION,true,MAESTRO
20004006.1002,10,20004006,FRISO COMPRA SECION ANDAMIOS,UN,EDIFICACION,true,MAESTRO
20004006.1003,10,20004006,PINT FACHADA COMPRA ANDAMIOS,UN,EDIFICACION,true,MAESTRO
20006000,5,20000000,COMBUSTIBLE Y LUBRICANTES,,EDIFICACION,true,MAESTRO
20006001,8,20006000,COMBUSTIBLE Y LUBRICAN,,EDIFICACION,true,MAESTRO
20006001.1001,10,20006001,COMBUSTIBLES Y LUBRICAN,UN,EDIFICACION,true,MAESTRO
20007000,5,20000000,ADITIVIOS E IMPERMEAB.,,EDIFICACION,true,MAESTRO
20007001,8,20007000,ADITIVIOS E IMPERMEAB.,,EDIFICACION,true,MAESTRO
20007001.1001,10,20007001,ADITIVOS E IMPERMEAB,UN,EDIFICACION,true,MAESTRO
20008000,5,20000000,MADERAS DE OBRA,,EDIFICACION,true,MAESTRO
20008001,8,20008000,MADERAS DE OBRA,,EDIFICACION,true,MAESTRO
20008001.1001,10,20008001,MADERAS DE OBRA,UN,EDIFICACION,true,MAESTRO
20009000,5,20000000,EQUIPO MINICARGADOR,,EDIFICACION,true,MAESTRO
20009001,8,20009000,EQUIPO MINICARGADOR,,EDIFICACION,true,MAESTRO
20009001.1001,10,20009001,MANTENIMIENTO MINICARGADOR,UN,EDIFICACION,true,MAESTRO
20009001.1002,10,20009001,ALQUILER MINICARGADOR,UN,EDIFICACION,true,MAESTRO
21000000,4,,GASTOS DE PERSONAL,,EDIFICACION,true,MAESTRO
21006000,5,21000000,SUELDOS,,EDIFICACION,true,MAESTRO
21006001,8,21006000,SUELDOS,,EDIFICACION,true,MAESTRO
21006001.1001,10,21006001,ING. DIRECTOR PROYECTO,UN,EDIFICACION,true,MAESTRO
21006001.1002,10,21006001,ING. RESIDENTE,UN,EDIFICACION,true,MAESTRO
21006001.1003,10,21006001,ING. RESIDENTE AUXILIAR,UN,EDIFICACION,true,MAESTRO
21006001.1004,10,21006001,RESIDENTE CONTRALORIA,UN,EDIFICACION,true,MAESTRO
21006001.1005,10,21006001,RESIDENTE ADMINISTRATIVO,UN,EDIFICACION,true,MAESTRO
21006001.1006,10,21006001,AUXILIAR TECNICO ALMACEN,UN,EDIFICACION,true,MAESTRO
21006001.1007,10,21006001,AUXILIAR DE ALMACEN,UN,EDIFICACION,true,MAESTRO
21006001.1008,10,21006001,LLAVERO,UN,EDIFICACION,true,MAESTRO
21006001.1009,10,21006001,COORDINADOR SISO,UN,EDIFICACION,true,MAESTRO
22000000,4,,PRELIMINARES URBANISMO,,URBANISMO_INTERNO,true,MAESTRO
22001000,5,22000000,TOPOGRAFIA,,URBANISMO_INTERNO,true,MAESTRO
22001001,8,22001000,COMISION-ALQ. EQUIPO,,URBANISMO_INTERNO,true,MAESTRO
22001001.1001,10,22001001,PREL ALQ EQUIPO TOPOGRAFICO,UN,URBANISMO_INTERNO,true,MAESTRO
22001001.1002,10,22001001,PREL COMISION TOPOGRAFICA,UN,URBANISMO_INTERNO,true,MAESTRO
22002000,5,22000000,ADECUACIONES LOTE,,URBANISMO_INTERNO,true,MAESTRO
22002001,8,22002000,CARRETEABLES,,URBANISMO_INTERNO,true,MAESTRO
22002001.1001,10,22002001,TRITURADO CARRETEABLES,M3,URBANISMO_INTERNO,true,MAESTRO
22002005,8,22002000,CORTE DE ARBOLES,,URBANISMO_INTERNO,true,MAESTRO
22002005.1001,10,22002005,CORTE DE ARBOLES,UN,URBANISMO_INTERNO,true,MAESTRO
22004000,5,22000000,CERRAMIENTO PROVISIONAL,,URBANISMO_INTERNO,true,MAESTRO
22004001,8,22004000,CERRAM POLISOMBRA,,URBANISMO_INTERNO,true,MAESTRO
22004001.1001,10,22004001,CERRAMIENTO POLISOMBRA,ML,URBANISMO_INTERNO,true,MAESTRO
22004001.1002,10,22004001,DESMONTE CERRAMIENTO POLISOMBR,ML,URBANISMO_INTERNO,true,MAESTRO
22004002,8,22004000,CERRAM POSTE-PUAS,,URBANISMO_INTERNO,true,MAESTRO
22004002.1001,10,22004002,CERRAM POSTE ALAMBRE PUAS ML,ML,URBANISMO_INTERNO,true,MAESTRO
22004002.1002,10,22004002,DESMONTE CERR. ALAMBRE PUAS,ML,URBANISMO_INTERNO,true,MAESTRO
22004003,8,22004000,CERRAM TEJA ZINC,,URBANISMO_INTERNO,true,MAESTRO
22004003.1001,10,22004003,CERRAM PROV MONTAJE ZINC,ML,URBANISMO_INTERNO,true,MAESTRO
22004003.1002,10,22004003,CERRAM PROV DESMONTE ZINC,ML,URBANISMO_INTERNO,true,MAESTRO
22004005,8,22004000,CERRAM LAMINA METALICA,,URBANISMO_INTERNO,true,MAESTRO
22004005.1001,10,22004005,CERRAMIENTO LAMINA METALI,ML,URBANISMO_INTERNO,true,MAESTRO
22005000,5,22000000,CAMPAMENTO,,URBANISMO_INTERNO,true,MAESTRO
22005001,8,22005000,CAMPAMENTO CONSTRUC.,,URBANISMO_INTERNO,true,MAESTRO
22005001.1001,10,22005001,CAMPAMENTO GLOBAL,UN,URBANISMO_INTERNO,true,MAESTRO
22005002,8,22005000,CAMPAMENTO MANTENIMEN.,,URBANISMO_INTERNO,true,MAESTRO
22005002.1001,10,22005002,CAMPAMENTO AIRE ACONDICIONADO,UN,URBANISMO_INTERNO,true,MAESTRO
22005002.1002,10,22005002,CAMPAMENTO SISTEMAS,UN,URBANISMO_INTERNO,true,MAESTRO
22005002.1003,10,22005002,CAMPAMENTO SEGUR Y CONTROL,UN,URBANISMO_INTERNO,true,MAESTRO
22005002.1004,10,22005002,CAMPAMENTO ASEO VEINTENA,UN,URBANISMO_INTERNO,true,MAESTRO
22005003,8,22005000,CAMPAMENTO LOGISTICA,,URBANISMO_INTERNO,true,MAESTRO
22005003.1001,10,22005003,CAMPAMENTO LOGISTICA,UN,URBANISMO_INTERNO,true,MAESTRO
22005003.1002,10,22005003,CAMPAMENTO CONTAINER LEAN,UN,URBANISMO_INTERNO,true,MAESTRO
22006000,5,22000000,SALA DE VENTAS,,URBANISMO_INTERNO,true,MAESTRO
22006001,8,22006000,SALA DE VENTAS CONSTRU,,URBANISMO_INTERNO,true,MAESTRO
22006001.1001,10,22006001,CONSTRUCCION SALA DE VENTAS,GL,URBANISMO_INTERNO,true,MAESTRO
22006002,8,22006000,SALA DE VENTAS MANTENI,,URBANISMO_INTERNO,true,MAESTRO
22006002.1001,10,22006002,MANTENIMIENTO SALA DE VENTAS,UN,URBANISMO_INTERNO,true,MAESTRO
22006002.1002,10,22006002,ASEO VEINTENA SALA DE VENTAS,UN,URBANISMO_INTERNO,true,MAESTRO
22007000,5,22000000,VIVIENDA MODELO PROVISION,,URBANISMO_INTERNO,true,MAESTRO
22007001,8,22007000,VIVIENDA MODELO CONSTR,,URBANISMO_INTERNO,true,MAESTRO
22007001.1001,10,22007001,CONSTRUCCION APTO MODELO,GL,URBANISMO_INTERNO,true,MAESTRO
22007002,8,22007000,VIVIENDA MODELO MANTENI,,URBANISMO_INTERNO,true,MAESTRO
22007002.1001,10,22007002,MANTENIMIENTO APTO MODELO,UN,URBANISMO_INTERNO,true,MAESTRO
22007002.1002,10,22007002,ASEO VEINTENA MODELO,UN,URBANISMO_INTERNO,true,MAESTRO
22009000,5,22000000,PROVISIONALES DE OBRA,,URBANISMO_INTERNO,true,MAESTRO
22009001,8,22009000,PROVISIONAL ELECTRICO,,URBANISMO_INTERNO,true,MAESTRO
22009001.1001,10,22009001,PROVISIONAL ELECTRICO,UN,URBANISMO_INTERNO,true,MAESTRO
22009002,8,22009000,PROVISIONAL HIDRAULICO,,URBANISMO_INTERNO,true,MAESTRO
22009002.1001,10,22009002,PROVISIONAL HIDRAULICO,UN,URBANISMO_INTERNO,true,MAESTRO
22009003,8,22009000,PROVISIONAL SANITARIO,,URBANISMO_INTERNO,true,MAESTRO
22009003.1001,10,22009003,PROVISIONAL SANITARIO,UN,URBANISMO_INTERNO,true,MAESTRO
22009003.1002,10,22009003,BAÑOS PORTATILES,UN,URBANISMO_INTERNO,true,MAESTRO
23000000,4,,OBRAS EXTERIORES,,URBANISMO_INTERNO,true,MAESTRO
23001000,5,23000000,MUROS DE CONTENCION,,URBANISMO_INTERNO,true,MAESTRO
23001002,8,23001000,MUROS CONTEN. CONCRETO,,URBANISMO_INTERNO,true,MAESTRO
23001002.1003,10,23001002,MURO CONT EXCAVACION <2.5m,M3,URBANISMO_INTERNO,true,MAESTRO
23001002.1004,10,23001002,MURO CONT EXCAVACION >2.5m,M3,URBANISMO_INTERNO,true,MAESTRO
23001002.1005,10,23001002,MURO CONT RETIRO DE TIERRA,M3,URBANISMO_INTERNO,true,MAESTRO
23001002.1006,10,23001002,MURO CONT RELLENO GRAN,M3,URBANISMO_INTERNO,true,MAESTRO
23001002.1007,10,23001002,MURO CONT REPLANTEO,ML,URBANISMO_INTERNO,true,MAESTRO
23001002.1008,10,23001002,MURO CONT SOLADO,M2,URBANISMO_INTERNO,true,MAESTRO
23001002.1009,10,23001002,MURO CONT VIGA ZARPA,M3,URBANISMO_INTERNO,true,MAESTRO
23001002.1010,10,23001002,MURO CONT CONC CICLOPEO,M3,URBANISMO_INTERNO,true,MAESTRO
23001002.1011,10,23001002,MURO CONT PERFILADA,M2,URBANISMO_INTERNO,true,MAESTRO
23001002.1012,10,23001002,MURO CONT CHAFARREO,M2,URBANISMO_INTERNO,true,MAESTRO
23001002.1013,10,23001002,MURO CONT MURO CONCRETO,M3,URBANISMO_INTERNO,true,MAESTRO
23001002.1014,10,23001002,MURO CONT IMPERMEABILIZACION,M2,URBANISMO_INTERNO,true,MAESTRO
23001002.1015,10,23001002,MURO CONT FILTRO PERIMETRAL,ML,URBANISMO_INTERNO,true,MAESTRO
23001002.1016,10,23001002,MURO CONT URB GEOTEX NT 1600,M2,URBANISMO_INTERNO,true,MAESTRO
23001002.1017,10,23001002,MURO CONT URB GEOMEMBRANA M2,M2,URBANISMO_INTERNO,true,MAESTRO
23001002.1018,10,23001002,MURO CONT URB GEODREN PLANAR,M2,URBANISMO_INTERNO,true,MAESTRO
23001002.1019,10,23001002,MURO CONT FORMALETA GL,GL,URBANISMO_INTERNO,true,MAESTRO
23001002.1020,10,23001002,MURO CONT EQUIPOS GL,GL,URBANISMO_INTERNO,true,MAESTRO
23001002.1021,10,23001002,MURO CONT TRANS FORMAL.,GL,URBANISMO_INTERNO,true,MAESTRO
23001002.1022,10,23001002,MURO CONT TRANS EQUIPOS,GL,URBANISMO_INTERNO,true,MAESTRO
23002000,5,23000000,ESPARCIMIENTO-RECREACION,,URBANISMO_INTERNO,true,MAESTRO
23002002,8,23002000,ESCAÑOS - BANCAS,,URBANISMO_INTERNO,true,MAESTRO
23002002.1001,10,23002002,BANCAS T.C,UN,URBANISMO_INTERNO,true,MAESTRO
23002003,8,23002000,JUEGOS INFANTILES,,URBANISMO_INTERNO,true,MAESTRO
23002003.1002,10,23002003,J.INFANTIL CINTA,ML,URBANISMO_INTERNO,true,MAESTRO
23002003.1003,10,23002003,J.INFANTIL SOLADOS,M2,URBANISMO_INTERNO,true,MAESTRO
23002003.1004,10,23002003,J.INFANTIL ANTEPISO,M2,URBANISMO_INTERNO,true,MAESTRO
23002003.1006,10,23002003,J.INFANTIL ARENA,M2,URBANISMO_INTERNO,true,MAESTRO
23002003.1007,10,23002003,J.INFANTIL MODULO JUEGOS,GL,URBANISMO_INTERNO,true,MAESTRO
23002003.1008,10,23002003,J.INFANTILES GRAMA SINTETICA,M2,URBANISMO_INTERNO,true,MAESTRO
23002003.1009,10,23002003,J.INFANT PISO PLASTICO,M2,URBANISMO_INTERNO,true,MAESTRO
23002003.1010,10,23002003,J.INFANTIL PISO DECK M2,M2,URBANISMO_INTERNO,true,MAESTRO
23002003.1011,10,23002003,J.INFANTIL HUELLA EN CONCRETO,M2,URBANISMO_INTERNO,true,MAESTRO
23002003.1012,10,23002003,J.INFANTILES PISO.CAUCHO,M2,URBANISMO_INTERNO,true,MAESTRO
23002007,8,23002000,JACUZZI,,URBANISMO_INTERNO,true,MAESTRO
23002007.1001,10,23002007,ZHUM DOTACION JACUZZI,UN,URBANISMO_INTERNO,true,MAESTRO
23002008,8,23002000,SAUNA,,URBANISMO_INTERNO,true,MAESTRO
23002008.1001,10,23002008,ZHUM DOTACION SAUNA,UN,URBANISMO_INTERNO,true,MAESTRO
23002008.1002,10,23002008,ZHUM DOTACION TURCO,UN,URBANISMO_INTERNO,true,MAESTRO
23002010,8,23002000,PISCINA,,URBANISMO_INTERNO,true,MAESTRO
23002010.1001,10,23002010,PISCINA EXCAVACION <2.5m,M3,URBANISMO_INTERNO,true,MAESTRO
23002010.1002,10,23002010,PISCINA EXCAVACION >2.5m,M3,URBANISMO_INTERNO,true,MAESTRO
23002010.1003,10,23002010,PISCINA RELLENOS MUROS,M3,URBANISMO_INTERNO,true,MAESTRO
23002010.1004,10,23002010,PISCINA REPLANTEO PISO,M2,URBANISMO_INTERNO,true,MAESTRO
23002010.1005,10,23002010,PISCINA SOLADOS,M2,URBANISMO_INTERNO,true,MAESTRO
23002010.1006,10,23002010,PISCINA VIGAS CIMENTACION,M3,URBANISMO_INTERNO,true,MAESTRO
23002010.1007,10,23002010,PISCINA LOSA FONDO,M2,URBANISMO_INTERNO,true,MAESTRO
23002010.1008,10,23002010,PISCINA MURO ARM 2 CARAS,M3,URBANISMO_INTERNO,true,MAESTRO
23002010.1009,10,23002010,PISCINA CINTA PVC MURO,ML,URBANISMO_INTERNO,true,MAESTRO
23002010.1010,10,23002010,PISCINA IMPERMEABILIZACION,M2,URBANISMO_INTERNO,true,MAESTRO
23002010.1011,10,23002010,PISCINA AFINADO M2,M2,URBANISMO_INTERNO,true,MAESTRO
23002010.1012,10,23002010,PISCINA FRISO MUROS M2,M2,URBANISMO_INTERNO,true,MAESTRO
23002010.1013,10,23002010,PISCINA PISO CERAMICA,M2,URBANISMO_INTERNO,true,MAESTRO
23002010.1014,10,23002010,PISCINA ENCHAPE,M2,URBANISMO_INTERNO,true,MAESTRO
23002010.1015,10,23002010,PISCINA ENCHAPE DUCHA M2,M2,URBANISMO_INTERNO,true,MAESTRO
23002010.1016,10,23002010,PISCINA PUNTO AGUA FRIA,PTO,URBANISMO_INTERNO,true,MAESTRO
23002010.1017,10,23002010,"PISCINA PUNTO SAN 2""",PTO,URBANISMO_INTERNO,true,MAESTRO
23002010.1018,10,23002010,PISCINA ROMPEOLAS ML,ML,URBANISMO_INTERNO,true,MAESTRO
23002010.1019,10,23002010,PISCINA REJILLA PISO,UN,URBANISMO_INTERNO,true,MAESTRO
23002010.1020,10,23002010,PISCINA EXT. ANTEPISO CONCRETO,M2,URBANISMO_INTERNO,true,MAESTRO
23002010.1021,10,23002010,PISCINA EXT. AFINADO,M2,URBANISMO_INTERNO,true,MAESTRO
23002010.1022,10,23002010,PISCINA EXT.CERAMICA,M2,URBANISMO_INTERNO,true,MAESTRO
23002010.1023,10,23002010,PISCINA EXT.PORCELANATO,M2,URBANISMO_INTERNO,true,MAESTRO
23002010.1024,10,23002010,PISCINA EXT. CINTA PISO ML,ML,URBANISMO_INTERNO,true,MAESTRO
23002010.1025,10,23002010,PISCINA EXT. PISO LAVAP-DUCHA,M2,URBANISMO_INTERNO,true,MAESTRO
23002010.1026,10,23002010,PISCINA EXT. GRAVILLA DILATAC.,ML,URBANISMO_INTERNO,true,MAESTRO
23002010.1027,10,23002010,PISCINA MEZCLADOR DUCHA,UN,URBANISMO_INTERNO,true,MAESTRO
23002010.1028,10,23002010,PISCINA VALVULA PIE,UN,URBANISMO_INTERNO,true,MAESTRO
23002010.1029,10,23002010,PISCINA PORTON ACCESO,UN,URBANISMO_INTERNO,true,MAESTRO
23002010.1030,10,23002010,PISCINA TAPA CUARTO BOMBAS,UN,URBANISMO_INTERNO,true,MAESTRO
23002010.1031,10,23002010,PISCINA ESCAL GATO C.BOMBAS,UN,URBANISMO_INTERNO,true,MAESTRO
23002010.1032,10,23002010,PISCINA INST+EQUIPO PURIFICA,UN,URBANISMO_INTERNO,true,MAESTRO
23002010.1033,10,23002010,PISCINA EQUIPO SISTEMA SEGUR,UN,URBANISMO_INTERNO,true,MAESTRO
23002010.1034,10,23002010,PISCINA FORMALETA GL,GL,URBANISMO_INTERNO,true,MAESTRO
23002010.1035,10,23002010,PISCINA EQUIPOS DE OBRA GL,GL,URBANISMO_INTERNO,true,MAESTRO
23002010.1036,10,23002010,PISCINA TRANSPORTE FORMALETA,GL,URBANISMO_INTERNO,true,MAESTRO
23002010.1037,10,23002010,PISCINA CTO MAQ EXCAVAC <2.5m,M3,URBANISMO_INTERNO,true,MAESTRO
23002010.1038,10,23002010,PISCINA CTO MAQ REPLANTEO,M2,URBANISMO_INTERNO,true,MAESTRO
23002010.1039,10,23002010,PISCINA CTO MAQ SOLADOS,M2,URBANISMO_INTERNO,true,MAESTRO
23002010.1040,10,23002010,PISCINA CTO MAQ VIGA CIMENTA,M3,URBANISMO_INTERNO,true,MAESTRO
23002010.1041,10,23002010,PISCINA CTO MAQ LOSA FONDO,M2,URBANISMO_INTERNO,true,MAESTRO
23002010.1042,10,23002010,PISCINA CTO MAQ MURO ARM 2 CAR,M3,URBANISMO_INTERNO,true,MAESTRO
23002010.1043,10,23002010,PISCINA CTO MAQ FILTRO PERIMET,ML,URBANISMO_INTERNO,true,MAESTRO
23002010.1044,10,23002010,PISCINA CTO MAQ LOSA CUBIERTA,M2,URBANISMO_INTERNO,true,MAESTRO
23002010.1045,10,23002010,PISCINA CTO MAQ RELLENO PERIME,M3,URBANISMO_INTERNO,true,MAESTRO
23002010.1046,10,23002010,PISCINA CTO MAQ TAPA ACCESO,UN,URBANISMO_INTERNO,true,MAESTRO
23002010.1047,10,23002010,PISCINA CTO MAQ ESCALERA GATO,UN,URBANISMO_INTERNO,true,MAESTRO
23002010.1048,10,23002010,PISCINA CTO MAQ IMPERMEABIL,M2,URBANISMO_INTERNO,true,MAESTRO
23002010.1049,10,23002010,PISCINA CTO MAQ DESPLAFONADA,UN,URBANISMO_INTERNO,true,MAESTRO
23002010.1050,10,23002010,PISCINA CERRAM REJA METALICA,M2,URBANISMO_INTERNO,true,MAESTRO
23002010.1051,10,23002010,PISCINA CERRAM SINTETICO,ML,URBANISMO_INTERNO,true,MAESTRO
23002010.1052,10,23002010,PISCINA PERGOLA+POLICARBONATO,M2,URBANISMO_INTERNO,true,MAESTRO
23002010.1053,10,23002010,PISCINA TRANSPORTE EQUIPOS,GL,URBANISMO_INTERNO,true,MAESTRO
23002010.1054,10,23002010,PISCINA AVISOS SEÑALIZACION,GL,URBANISMO_INTERNO,true,MAESTRO
23002010.1055,10,23002010,PISCINA ASEO ZONA EXTERIOR,M2,URBANISMO_INTERNO,true,MAESTRO
23002010.1056,10,23002010,PISCINA ASEO INTERIOR PISCINA,M2,URBANISMO_INTERNO,true,MAESTRO
23002010.1057,10,23002010,PISCINA CERRAM VIDRIO,ML,URBANISMO_INTERNO,true,MAESTRO
23002010.1058,10,23002010,PISCINA DOTACION,UN,URBANISMO_INTERNO,true,MAESTRO
23002010.1059,10,23002010,PISCINA EXT. PISO DECK,M2,URBANISMO_INTERNO,true,MAESTRO
23002012,8,23002000,GIMNASIO AL AIRE LIBRE,,URBANISMO_INTERNO,true,MAESTRO
23002012.1003,10,23002012,GYM A.LIBRE SOLADOS,M2,URBANISMO_INTERNO,true,MAESTRO
23002012.1004,10,23002012,GYM A.LIBRE ANTEPISO,M2,URBANISMO_INTERNO,true,MAESTRO
23002012.1005,10,23002012,GYM A.LIBRE CINTA,ML,URBANISMO_INTERNO,true,MAESTRO
23002012.1006,10,23002012,GYM A.LIBRE EQUIPOS GYM,GL,URBANISMO_INTERNO,true,MAESTRO
23002012.1007,10,23002012,GYM A.LIBRE ARENA,M2,URBANISMO_INTERNO,true,MAESTRO
23002012.1008,10,23002012,GYM A.LIBRE PISO.CAUCHO,M2,URBANISMO_INTERNO,true,MAESTRO
23002012.1009,10,23002012,GYM A.LIBRE GRAMA SINTETICA,M2,URBANISMO_INTERNO,true,MAESTRO
23002012.1010,10,23002012,GYM A.LIBRE PISO PLASTICO,M2,URBANISMO_INTERNO,true,MAESTRO
23002012.1011,10,23002012,GYM A.LIBRE PISO DECK M2,M2,URBANISMO_INTERNO,true,MAESTRO
23002012.1012,10,23002012,GYM A.LIBRE HUELLA EN CONCRETO,M2,URBANISMO_INTERNO,true,MAESTRO
23002012.1013,10,23002012,GYM A.LIBRE PISO ADOQUIN,M2,URBANISMO_INTERNO,true,MAESTRO
23002012.1014,10,23002012,GYM A.LIBRE INSTAL EQUIPOS,UN,URBANISMO_INTERNO,true,MAESTRO
23002012.1015,10,23002012,GYM A.LIBRE BASES CONCRETO,M3,URBANISMO_INTERNO,true,MAESTRO
23002014,8,23002000,nan,,URBANISMO_INTERNO,true,MAESTRO
23002014.1001,10,23002014,PQ MASCOTAS MODULO JUEGOS,GL,URBANISMO_INTERNO,true,MAESTRO
23002014.1002,10,23002014,PQ MASCOTAS PISO SINTETICO,M2,URBANISMO_INTERNO,true,MAESTRO
23002014.1003,10,23002014,PQ MASTOCAS BARANDA MET,ML,URBANISMO_INTERNO,true,MAESTRO
23002014.1004,10,23002014,PQ MASCOTAS CINTA CONC,ML,URBANISMO_INTERNO,true,MAESTRO
23004000,5,23000000,CANCHAS,,URBANISMO_INTERNO,true,MAESTRO
23004001,8,23004000,CANCHAS,,URBANISMO_INTERNO,true,MAESTRO
23004001.1001,10,23004001,CANCHA ANTEPISO,M2,URBANISMO_INTERNO,true,MAESTRO
23004001.1002,10,23004001,CANCHA MAMP A LA VISTA,M2,URBANISMO_INTERNO,true,MAESTRO
23004001.1003,10,23004001,CANCHA MAMP H-10,M2,URBANISMO_INTERNO,true,MAESTRO
23004001.1004,10,23004001,CANCHA CERRAM COLUMNETA MAMP,ML,URBANISMO_INTERNO,true,MAESTRO
23004001.1005,10,23004001,CANCHA CERRAM FRISO M2,M2,URBANISMO_INTERNO,true,MAESTRO
23004001.1006,10,23004001,CANCHA BORDILLO CONCRETO,ML,URBANISMO_INTERNO,true,MAESTRO
23004001.1007,10,23004001,CANCHA ESMALTADA,M2,URBANISMO_INTERNO,true,MAESTRO
23004001.1008,10,23004001,CANCHA PINT FONDO,M2,URBANISMO_INTERNO,true,MAESTRO
23004001.1009,10,23004001,CANCHA PINT DEMARCACION,ML,URBANISMO_INTERNO,true,MAESTRO
23004001.1010,10,23004001,CANCHA PINT METALICA,ML,URBANISMO_INTERNO,true,MAESTRO
23004001.1011,10,23004001,CANCHA CERRAM GRANIPLAST M2,M2,URBANISMO_INTERNO,true,MAESTRO
23004001.1012,10,23004001,CANCHA CERRAM PLASTIESTUCO M2,M2,URBANISMO_INTERNO,true,MAESTRO
23004001.1013,10,23004001,CANCHA CERRAMIENTO MALLA,M2,URBANISMO_INTERNO,true,MAESTRO
23004001.1014,10,23004001,CANCHA ARCOS METALICOS,UN,URBANISMO_INTERNO,true,MAESTRO
23004001.1015,10,23004001,CANCHA PORTON ACCESO,UN,URBANISMO_INTERNO,true,MAESTRO
23004002,8,23004000,CANCHAS FUTBOL,,URBANISMO_INTERNO,true,MAESTRO
23004002.1001,10,23004002,CANCHA FUT ANTEPISO,M2,URBANISMO_INTERNO,true,MAESTRO
23004002.1002,10,23004002,CANCHA FUT MAMP A LA VISTA,M2,URBANISMO_INTERNO,true,MAESTRO
23004002.1003,10,23004002,CANCHA FUT BORDILLO CONCRETO,ML,URBANISMO_INTERNO,true,MAESTRO
23004002.1004,10,23004002,CANCHA FUT CERRAMIENTO MALLA,M2,URBANISMO_INTERNO,true,MAESTRO
23004002.1005,10,23004002,CANCHA FUT ARCOS METALICOS,UN,URBANISMO_INTERNO,true,MAESTRO
23004002.1006,10,23004002,CANCHA FUT PORTON ACCESO,UN,URBANISMO_INTERNO,true,MAESTRO
23004002.1007,10,23004002,CANCHA FUT PINT DEMARCACION,ML,URBANISMO_INTERNO,true,MAESTRO
23004002.1008,10,23004002,CANCHA FUT PINT METALICA,ML,URBANISMO_INTERNO,true,MAESTRO
23004002.1009,10,23004002,CANCHA FUT GRAMA SINTETICA,M2,URBANISMO_INTERNO,true,MAESTRO
23005000,5,23000000,CERRAMIENTO,,URBANISMO_INTERNO,true,MAESTRO
23005001,8,23005000,CERRAMIENTO,,URBANISMO_INTERNO,true,MAESTRO
23005001.1001,10,23005001,CERRAM EXCAVACION <2.5m,M3,URBANISMO_INTERNO,true,MAESTRO
23005001.1002,10,23005001,CERRAM RETIRO,M3,URBANISMO_INTERNO,true,MAESTRO
23005001.1003,10,23005001,VIGA CIMENTACION H<0.35,ML,URBANISMO_INTERNO,true,MAESTRO
23005001.1004,10,23005001,"CERRAM INTER PASE TUBERIA 4""",UN,URBANISMO_INTERNO,true,MAESTRO
23005001.1005,10,23005001,CERRAM MACHONES ML,ML,URBANISMO_INTERNO,true,MAESTRO
23005001.1006,10,23005001,CERRAM RELLENOS CIMENTA,M3,URBANISMO_INTERNO,true,MAESTRO
23005001.1007,10,23005001,"CERRAM PASE TUBERIA 4""",UN,URBANISMO_INTERNO,true,MAESTRO
23005001.1008,10,23005001,CERRAM MALLA ESLAB H=2.2,M2,URBANISMO_INTERNO,true,MAESTRO
23005001.1009,10,23005001,CERRAM PINT MALLA ESLAB,M2,URBANISMO_INTERNO,true,MAESTRO
23005001.1010,10,23005001,CERRAM JORNAL ACARREO MATERIAL,UN,URBANISMO_INTERNO,true,MAESTRO
23005001.1011,10,23005001,CERRAM FORMALETA,GL,URBANISMO_INTERNO,true,MAESTRO
23005001.1012,10,23005001,CERRAM MAMPOSTERIA ANTEP,M2,URBANISMO_INTERNO,true,MAESTRO
23005001.1013,10,23005001,CERRAM REJA METALICA,ML,URBANISMO_INTERNO,true,MAESTRO
23006000,5,23000000,PINTURA,,URBANISMO_INTERNO,true,MAESTRO
23006001,8,23006000,DEMARCACION PARQUEADER,,URBANISMO_INTERNO,true,MAESTRO
23006001.1001,10,23006001,VIAS PINT DEMARCACION PQ,ML,URBANISMO_INTERNO,true,MAESTRO
23006001.1002,10,23006001,VIAS NUMERACION PARQUEADERO,UN,URBANISMO_INTERNO,true,MAESTRO
23006001.1003,10,23006001,VIAS NUMERACION  APARTEMENT/PQ,UN,URBANISMO_INTERNO,true,MAESTRO
23006001.1004,10,23006001,PINTURA TOPELLANTA,UN,URBANISMO_INTERNO,true,MAESTRO
23006010,8,23006000,DEMARCACION VIAL,,URBANISMO_INTERNO,true,MAESTRO
23006010.1002,10,23006010,VIAS SEÑALIZACION PISO,UN,URBANISMO_INTERNO,true,MAESTRO
23006010.1003,10,23006010,VIAS SEÑALIZACION VERTICAL,UN,URBANISMO_INTERNO,true,MAESTRO
23007000,5,23000000,CARPINTERIA METALICA,,URBANISMO_INTERNO,true,MAESTRO
23007001,8,23007000,NOMBRE-NOMENCLATURA,,URBANISMO_INTERNO,true,MAESTRO
23007001.1001,10,23007001,NOMBRE-NOMENCLA CONJUNTO,UN,URBANISMO_INTERNO,true,MAESTRO
23007006,8,23007000,PORTON VEHICULAR,,URBANISMO_INTERNO,true,MAESTRO
23007006.1001,10,23007006,PORTON VEHICULAR CONJUNTO,GL,URBANISMO_INTERNO,true,MAESTRO
23007007,8,23007000,CUBIERTA METALICA PARQ,,URBANISMO_INTERNO,true,MAESTRO
23007007.1001,10,23007007,CUBIERTA METALICA PARQ,M2,URBANISMO_INTERNO,true,MAESTRO
23007010,8,23007000,CANECAS METALICAS,,URBANISMO_INTERNO,true,MAESTRO
23007010.1001,10,23007010,PUNTOS ECOLOGICOS,UN,URBANISMO_INTERNO,true,MAESTRO
23007011,8,23007000,BICICLETEROS,,URBANISMO_INTERNO,true,MAESTRO
23007011.1001,10,23007011,BICICLETEROS,UN,URBANISMO_INTERNO,true,MAESTRO
23014000,5,23000000,ENTREGA URBANISMO,,URBANISMO_INTERNO,true,MAESTRO
23014001,8,23014000,ASEO GENERAL DE OBRA,,URBANISMO_INTERNO,true,MAESTRO
23014001.1001,10,23014001,URBANISMO JORNAL ASEO GENERAL,UN,URBANISMO_INTERNO,true,MAESTRO
23014002,8,23014000,ASEO FINAL ENTREGA,,URBANISMO_INTERNO,true,MAESTRO
23014002.1001,10,23014002,URBANISMO ASEO FINAL ENTREGA,GL,URBANISMO_INTERNO,true,MAESTRO
24000000,4,,MOVIMIENTO DE TIERRA,,URBANISMO_INTERNO,true,MAESTRO
24001000,5,24000000,MOVIMIENTO DE TIERRA,,URBANISMO_INTERNO,true,MAESTRO
24001005,8,24001000,CORTE Y CARGUE,,URBANISMO_INTERNO,true,MAESTRO
24001005.1001,10,24001005,CORTE Y CARGUE M3 DESCAPOTE,M3,URBANISMO_INTERNO,true,MAESTRO
24001005.1002,10,24001005,CORTE Y CARGUE M3 MOV TIERRA,M3,URBANISMO_INTERNO,true,MAESTRO
24001006,8,24001000,TRANSPORTE INTERNO,,URBANISMO_INTERNO,true,MAESTRO
24001006.1001,10,24001006,TRANSP INTERNO MAT RELLENO,M3,URBANISMO_INTERNO,true,MAESTRO
24001007,8,24001000,TRANSPORTE EXTERNO,,URBANISMO_INTERNO,true,MAESTRO
24001007.1003,10,24001007,TRANSP BOTADERO XX KM,m3/km,URBANISMO_INTERNO,true,MAESTRO
24001007.1004,10,24001007,TRANSP BOTADERO XX KM,m3/km,URBANISMO_INTERNO,true,MAESTRO
24001007.1005,10,24001007,TRANSP BOTADERO XX KM,m3/km,URBANISMO_INTERNO,true,MAESTRO
24001009,8,24001000,RELLENOS,,URBANISMO_INTERNO,true,MAESTRO
24001009.1001,10,24001009,RELLENO COMPACTADO MAT SITIO,M3,URBANISMO_INTERNO,true,MAESTRO
24001009.1002,10,24001009,RELLENO COMPACTADO MAT EXT,M3,URBANISMO_INTERNO,true,MAESTRO
24001015,8,24001000,DERECHOS BOTADERO,,URBANISMO_INTERNO,true,MAESTRO
24001015.1001,10,24001015,DERECHOS BOTADERO,M3,URBANISMO_INTERNO,true,MAESTRO
24002000,5,24000000,MAQUINARIA PESADA,,URBANISMO_INTERNO,true,MAESTRO
24002001,8,24002000,RETROEXCAVADORA,,URBANISMO_INTERNO,true,MAESTRO
24002001.1001,10,24002001,RETROEXCAVADORA LLANTAS,Hra,URBANISMO_INTERNO,true,MAESTRO
24002001.1002,10,24002001,RETROEXCAVADORA ORUGA,Hra,URBANISMO_INTERNO,true,MAESTRO
24002001.1003,10,24002001,BULLDOZER,Hra,URBANISMO_INTERNO,true,MAESTRO
24002001.1004,10,24002001,VIBROCOMPACTADOR,Hra,URBANISMO_INTERNO,true,MAESTRO
24002001.1005,10,24002001,CARGADOR,Hra,URBANISMO_INTERNO,true,MAESTRO
24002006,8,24002000,TRANSPORTE MAQUINARIA,,URBANISMO_INTERNO,true,MAESTRO
24002006.1001,10,24002006,TRANSPORTE MAQUIN. MOV TIERRA,UN,URBANISMO_INTERNO,true,MAESTRO
25000000,4,,ALCANTARILLADO,,URBANISMO_INTERNO,true,MAESTRO
25001000,5,25000000,EXCAVACIONES Y RELLENOS,,URBANISMO_INTERNO,true,MAESTRO
25001001,8,25001000,EXC A MANO EN COMUN,,URBANISMO_INTERNO,true,MAESTRO
25001001.1001,10,25001001,"ALC PLU EXC COMUN <2,5m",M3,URBANISMO_INTERNO,true,MAESTRO
25001001.1002,10,25001001,"ALC PLU EXC COMUN >2,5m",M3,URBANISMO_INTERNO,true,MAESTRO
25001001.1003,10,25001001,"ALC SAN EXC COMUN <2,5m",M3,URBANISMO_INTERNO,true,MAESTRO
25001001.1004,10,25001001,"ALC SAN EXC COMUN >2,5m",M3,URBANISMO_INTERNO,true,MAESTRO
25001003,8,25001000,EXCAVACION MECANICA,,URBANISMO_INTERNO,true,MAESTRO
25001003.1002,10,25001003,ALCAN ALQ RETRO-LLANTAS,Hra,URBANISMO_INTERNO,true,MAESTRO
25001003.1003,10,25001003,ALCAN TRANSPORTE MAQUIN.,UN,URBANISMO_INTERNO,true,MAESTRO
25001004,8,25001000,REPLANTEO,,URBANISMO_INTERNO,true,MAESTRO
25001004.1003,10,25001004,ALCAN SAN REPLANTEO ZANJA,M2,URBANISMO_INTERNO,true,MAESTRO
25001004.1004,10,25001004,ALCAN LLUV REPLANTEO ZANJA,M2,URBANISMO_INTERNO,true,MAESTRO
25001005,8,25001000,RELLENOS,,URBANISMO_INTERNO,true,MAESTRO
25001005.1003,10,25001005,ALCAN LLUV RELLENO RANA,M3,URBANISMO_INTERNO,true,MAESTRO
25001005.1004,10,25001005,ALCAN SAN RELLENO RANA,M3,URBANISMO_INTERNO,true,MAESTRO
25001006,8,25001000,RELLENOS ARENA,,URBANISMO_INTERNO,true,MAESTRO
25001006.1001,10,25001006,ALCAN SAN RELLENO ARENA,M3,URBANISMO_INTERNO,true,MAESTRO
25001006.1002,10,25001006,ALCAN LLUV RELLENO ARENA,M3,URBANISMO_INTERNO,true,MAESTRO
25001007,8,25001000,RETIRO DE TIERRA,,URBANISMO_INTERNO,true,MAESTRO
25001007.1001,10,25001007,ALCAN SAN RETIRO EXC,M3,URBANISMO_INTERNO,true,MAESTRO
25001007.1002,10,25001007,ALCAN LLUV RETIRO EXC,M3,URBANISMO_INTERNO,true,MAESTRO
25001008,8,25001000,ATRAQUE CONCRETO,,URBANISMO_INTERNO,true,MAESTRO
25001008.1001,10,25001008,ALCAN SAN ATRAQUE TUBERIA,M3,URBANISMO_INTERNO,true,MAESTRO
25001008.1002,10,25001008,ALCAN LLUV ATRAQUE TUBERIA,M3,URBANISMO_INTERNO,true,MAESTRO
25001010,8,25001000,FILTRO,,URBANISMO_INTERNO,true,MAESTRO
25001010.1001,10,25001010,ALC FILTRO,ML,URBANISMO_INTERNO,true,MAESTRO
25004000,5,25000000,TUBERIAS PVC,,URBANISMO_INTERNO,true,MAESTRO
25004001,8,25004000,TUBERIAS PVC,,URBANISMO_INTERNO,true,MAESTRO
25004001.1001,10,25004001,ALC SAN RED TUB NOVAF 110mm,ML,URBANISMO_INTERNO,true,MAESTRO
25004001.1002,10,25004001,ALC SAN RED TUB NOVAF 160mm,ML,URBANISMO_INTERNO,true,MAESTRO
25004001.1003,10,25004001,ALC SAN RED TUB NOVAF 200mm,ML,URBANISMO_INTERNO,true,MAESTRO
25004001.1004,10,25004001,ALC SAN RED TUB NOVAF 250mm,ML,URBANISMO_INTERNO,true,MAESTRO
25004001.1006,10,25004001,ALC SAN RED TUB NOVAF 315mm,ML,URBANISMO_INTERNO,true,MAESTRO
25004001.1007,10,25004001,ALC SAN RED TUB NOVAF 355mm,ML,URBANISMO_INTERNO,true,MAESTRO
25004001.1008,10,25004001,ALC SAN RED TUB NOVAF 400mm,ML,URBANISMO_INTERNO,true,MAESTRO
25004001.1009,10,25004001,ALC SAN RED TUB NOVAF 450mm,ML,URBANISMO_INTERNO,true,MAESTRO
25004001.1010,10,25004001,ALC SAN RED TUB NOVAF 500mm,ML,URBANISMO_INTERNO,true,MAESTRO
25004001.1011,10,25004001,ALC SAN RED TUB NOVAF 595mm,ML,URBANISMO_INTERNO,true,MAESTRO
25004001.1012,10,25004001,ALC SAN RED TUB NOVAF 670mm,ML,URBANISMO_INTERNO,true,MAESTRO
25004001.1013,10,25004001,ALC PLU RED TUB NOVAF 110mm,ML,URBANISMO_INTERNO,true,MAESTRO
25004001.1014,10,25004001,ALC PLU RED TUB NOVAF 160mm,ML,URBANISMO_INTERNO,true,MAESTRO
25004001.1015,10,25004001,ALC PLU RED TUB NOVAF 200mm,ML,URBANISMO_INTERNO,true,MAESTRO
25004001.1016,10,25004001,ALC PLU RED TUB NOVAF 250mm,ML,URBANISMO_INTERNO,true,MAESTRO
25004001.1017,10,25004001,ALC PLU RED TUB NOVAF 315mm,ML,URBANISMO_INTERNO,true,MAESTRO
25004001.1018,10,25004001,ALC PLU RED TUB NOVAF 355mm,ML,URBANISMO_INTERNO,true,MAESTRO
25004001.1019,10,25004001,ALC PLU RED TUB NOVAF 400mm,ML,URBANISMO_INTERNO,true,MAESTRO
25004001.1020,10,25004001,ALC PLU RED TUB NOVAF 450mm,ML,URBANISMO_INTERNO,true,MAESTRO
25004001.1021,10,25004001,ALC PLU RED TUB NOVAF 500mm,ML,URBANISMO_INTERNO,true,MAESTRO
25004001.1022,10,25004001,"ALC PLU RED TUB NOVAF 24""",ML,URBANISMO_INTERNO,true,MAESTRO
25004001.1023,10,25004001,"ALC PLU RED TUB NOVAF 27""",ML,URBANISMO_INTERNO,true,MAESTRO
25004001.1024,10,25004001,"ALC PLU RED TUB NOVAF 30""",ML,URBANISMO_INTERNO,true,MAESTRO
25004001.1025,10,25004001,"ALC PLU RED TUB NOVAF 33""",ML,URBANISMO_INTERNO,true,MAESTRO
25004001.1026,10,25004001,"ALC PLU RED TUB NOVAF 36""",ML,URBANISMO_INTERNO,true,MAESTRO
25004001.1027,10,25004001,"ALC PLU RED TUB NOVAF 39""",ML,URBANISMO_INTERNO,true,MAESTRO
25004001.1028,10,25004001,"ALC PLU RED TUB NOVAF 42""",ML,URBANISMO_INTERNO,true,MAESTRO
25004001.1029,10,25004001,"ALC PLU RED TUB NOVAF 32""",ML,URBANISMO_INTERNO,true,MAESTRO
25004001.1030,10,25004001,"DESAGUES TUBERIA PVC 2-3-4""",ML,URBANISMO_INTERNO,true,MAESTRO
25004001.1031,10,25004001,"DESAGUES TUBERIA PVC 6""",ML,URBANISMO_INTERNO,true,MAESTRO
25004002,8,25004000,SILLA YEE,,URBANISMO_INTERNO,true,MAESTRO
25004002.1001,10,25004002,ALC SAN SILLA YEE,UN,URBANISMO_INTERNO,true,MAESTRO
25004002.1002,10,25004002,ALC PLU SILLA YEE,UN,URBANISMO_INTERNO,true,MAESTRO
25004999,8,25004000,ACTIVIDADES VARIAS,,URBANISMO_INTERNO,true,MAESTRO
25004999.1001,10,25004999,ALCAN SAN ACTIVIDAD VARIAS,UN,URBANISMO_INTERNO,true,MAESTRO
25004999.1002,10,25004999,ALCAN LLUV ACTIVIDAD VARIAS,UN,URBANISMO_INTERNO,true,MAESTRO
25006000,5,25000000,PUNTOS DE INSPECCION,,URBANISMO_INTERNO,true,MAESTRO
25006001,8,25006000,POZOS DE INSPECCION,,URBANISMO_INTERNO,true,MAESTRO
25006001.1001,10,25006001,ALCAN POZO SAN INSPECCION 1.2,UN,URBANISMO_INTERNO,true,MAESTRO
25006001.1002,10,25006001,ALCAN POZO SAN INSPECCION 1.8,UN,URBANISMO_INTERNO,true,MAESTRO
25006001.1003,10,25006001,ALCAN POZO PLU INSPECCION 1.2,UN,URBANISMO_INTERNO,true,MAESTRO
25006001.1004,10,25006001,ALCAN POZO PLU INSPECCION 1.8,UN,URBANISMO_INTERNO,true,MAESTRO
25006002,8,25006000,SUMIDEROS,,URBANISMO_INTERNO,true,MAESTRO
25006002.1001,10,25006002,ALCAN LLUV SUMIDERO SL-200,UN,URBANISMO_INTERNO,true,MAESTRO
25006002.1002,10,25006002,ALCAN LLUV SUMIDERO TRANSV,UN,URBANISMO_INTERNO,true,MAESTRO
25006003,8,25006000,CAJAS DE INSPECCION,,URBANISMO_INTERNO,true,MAESTRO
25006003.1001,10,25006003,SAN CAJA DE INSPECC 0.4 a 0.6,UN,URBANISMO_INTERNO,true,MAESTRO
25006003.1002,10,25006003,SAN CAJA DE INSPECC 0.6 a 0.8,UN,URBANISMO_INTERNO,true,MAESTRO
25006003.1003,10,25006003,SAN CAJA DE INSPECCION >0.8,UN,URBANISMO_INTERNO,true,MAESTRO
25006003.1004,10,25006003,SAN CAJA DE INSPECCION >1.5,UN,URBANISMO_INTERNO,true,MAESTRO
25006003.1005,10,25006003,ALL CAJA DE INSPECC 0.4 a 0.6,UN,URBANISMO_INTERNO,true,MAESTRO
25006003.1006,10,25006003,ALL CAJA DE INSPECC 0.6 a 0.8,UN,URBANISMO_INTERNO,true,MAESTRO
25006003.1007,10,25006003,ALL CAJA DE INSPECCION >0.8,UN,URBANISMO_INTERNO,true,MAESTRO
25006003.1008,10,25006003,ALL CAJA DE INSPECCION >1.5,UN,URBANISMO_INTERNO,true,MAESTRO
25006003.1009,10,25006003,ALL CAJA DESARENARED 0.6 x 0.6,UN,URBANISMO_INTERNO,true,MAESTRO
25007000,5,25000000,CANALETAS,,URBANISMO_INTERNO,true,MAESTRO
25007001,8,25007000,CANALETA CONCRETO,,URBANISMO_INTERNO,true,MAESTRO
25007001.1001,10,25007001,ALC CANALETA CONCRETO,ML,URBANISMO_INTERNO,true,MAESTRO
25010000,5,25000000,FORMALETA ALCANTARILLADO,,URBANISMO_INTERNO,true,MAESTRO
25010001,8,25010000,FORMALETA GL,,URBANISMO_INTERNO,true,MAESTRO
25010001.1001,10,25010001,ALCAN FORMALETA GL,UN,URBANISMO_INTERNO,true,MAESTRO
25011000,5,25000000,EQUIPOS ALCANTARILLADO,,URBANISMO_INTERNO,true,MAESTRO
25011001,8,25011000,EQUIPOS DE OBRA,,URBANISMO_INTERNO,true,MAESTRO
25011001.1001,10,25011001,ALCAN ALQ COMPAC+OPERADOR,GL,URBANISMO_INTERNO,true,MAESTRO
26000000,4,,ACUEDUCTO,,URBANISMO_INTERNO,true,MAESTRO
26001000,5,26000000,EXCAVACIONES Y RELLENOS,,URBANISMO_INTERNO,true,MAESTRO
26001001,8,26001000,EXC A MANO EN COMUN,,URBANISMO_INTERNO,true,MAESTRO
26001001.1001,10,26001001,ACUE EXCAV. COMUN <2.5,M3,URBANISMO_INTERNO,true,MAESTRO
26001001.1002,10,26001001,CINCE EXCAV. COMUN <2.5,M3,URBANISMO_INTERNO,true,MAESTRO
26001005,8,26001000,RELLENOS,,URBANISMO_INTERNO,true,MAESTRO
26001005.1002,10,26001005,ACU RELLENO PISON MAT EXC,M3,URBANISMO_INTERNO,true,MAESTRO
26001005.1003,10,26001005,ACU RELLENO PISON RECEBO,M4,URBANISMO_INTERNO,true,MAESTRO
26001005.1004,10,26001005,RCI RELLENO PISON MAT EXC,M5,URBANISMO_INTERNO,true,MAESTRO
26001005.1005,10,26001005,RCI RELLENO PISON RECEBO,M6,URBANISMO_INTERNO,true,MAESTRO
26001005.1006,10,26001005,ACU RELLENO RANA MAT EXC,M7,URBANISMO_INTERNO,true,MAESTRO
26001005.1007,10,26001005,ACU RELLENO RANA RECEBO,M8,URBANISMO_INTERNO,true,MAESTRO
26001005.1008,10,26001005,RCI RELLENO RANA MAT EXC,M9,URBANISMO_INTERNO,true,MAESTRO
26001005.1009,10,26001005,RCI RELLENO RANA RECEBO,M10,URBANISMO_INTERNO,true,MAESTRO
26001006,8,26001000,RETIRO DE TIERRA,,URBANISMO_INTERNO,true,MAESTRO
26001006.1001,10,26001006,ACUE RETIRO TIERRA EXCAVACION,M3,URBANISMO_INTERNO,true,MAESTRO
26001006.1002,10,26001006,CINCE RETIRO TIERRA EXCAVACION,M3,URBANISMO_INTERNO,true,MAESTRO
26002000,5,26000000,TUBERIAS PVC,,URBANISMO_INTERNO,true,MAESTRO
26002001,8,26002000,TUBERIA PRESION,,URBANISMO_INTERNO,true,MAESTRO
26002001.1001,10,26002001,"ACU RED SUMIN TUB PVC-P 1""",ML,URBANISMO_INTERNO,true,MAESTRO
26002001.1002,10,26002001,"ACU RED SUMIN TUB PVC-P 1-1/2""",ML,URBANISMO_INTERNO,true,MAESTRO
26002001.1003,10,26002001,"ACU RED SUMIN TUB PVC-P 2""",ML,URBANISMO_INTERNO,true,MAESTRO
26002001.1004,10,26002001,"ACU RED SUMIN TUB PVC-P 2-1/2""",ML,URBANISMO_INTERNO,true,MAESTRO
26002001.1005,10,26002001,"ACU RED SUMIN TUB PVC-P 3""",ML,URBANISMO_INTERNO,true,MAESTRO
26002001.1006,10,26002001,"ACU RED SUMIN TUB PVC-P 4""",ML,URBANISMO_INTERNO,true,MAESTRO
26002001.1007,10,26002001,"ACU RED SUMIN TUB PVC-P 6""",ML,URBANISMO_INTERNO,true,MAESTRO
26002001.1008,10,26002001,"ACU RED SUMIN TUB PVC-P 8""",ML,URBANISMO_INTERNO,true,MAESTRO
26002001.1009,10,26002001,"ACU RED SUMIN TUB PVC-P 10""",ML,URBANISMO_INTERNO,true,MAESTRO
26002001.1010,10,26002001,ACU PUNTO AGUA FRIA,UN,URBANISMO_INTERNO,true,MAESTRO
26002001.1011,10,26002001,ACU RED HIDRA SUMIN  1/2'',ML,URBANISMO_INTERNO,true,MAESTRO
26002001.1012,10,26002001,ACU TUBERIA PEAD 75 MM,ML,URBANISMO_INTERNO,true,MAESTRO
26002001.1013,10,26002001,ACU TUBERIA PEAD 90 MM,ML,URBANISMO_INTERNO,true,MAESTRO
26002001.1014,10,26002001,ACU TUBERIA PEAD 110 MM,ML,URBANISMO_INTERNO,true,MAESTRO
26002001.1015,10,26002001,ACU TUBERIA PEAD 160 MM,ML,URBANISMO_INTERNO,true,MAESTRO
26002001.1016,10,26002001,ACU TUBERIA PEAD 200 MM,ML,URBANISMO_INTERNO,true,MAESTRO
26002001.1017,10,26002001,ACU TUBERIA PEAD 250 MM,ML,URBANISMO_INTERNO,true,MAESTRO
26002001.1018,10,26002001,ACU TUBERIA PEAD 300 MM,ML,URBANISMO_INTERNO,true,MAESTRO
26002001.1019,10,26002001,ACU TUBERIA PEAD 315 MM,ML,URBANISMO_INTERNO,true,MAESTRO
26002001.1020,10,26002001,ACU RED HIDRA SUMIN  3/4'',ML,URBANISMO_INTERNO,true,MAESTRO
26004000,5,26000000,ACCESORIOS,,URBANISMO_INTERNO,true,MAESTRO
26004002,8,26004000,VALVULAS,,URBANISMO_INTERNO,true,MAESTRO
26004002.1001,10,26004002,"ACU VALVULAS < 6""",UN,URBANISMO_INTERNO,true,MAESTRO
26004002.1002,10,26004002,"ACU VALVULAS > 6""",UN,URBANISMO_INTERNO,true,MAESTRO
26004003,8,26004000,TOTALIZADOR,,URBANISMO_INTERNO,true,MAESTRO
26004003.1001,10,26004003,ACUE MEDIDOR TOTALIZA INC CAJA,UN,URBANISMO_INTERNO,true,MAESTRO
26005000,5,26000000,CAJAS DE INSPECCION,,URBANISMO_INTERNO,true,MAESTRO
26005002,8,26005000,CAJA PARA VALVULA,,URBANISMO_INTERNO,true,MAESTRO
26005002.1001,10,26005002,ACUE CAJA VALVULAS COMUNALES,UN,URBANISMO_INTERNO,true,MAESTRO
26005002.1002,10,26005002,ACUE CAJA VALVULAS TORRES,UN,URBANISMO_INTERNO,true,MAESTRO
26006000,5,26000000,HIDRANTES,,URBANISMO_INTERNO,true,MAESTRO
26006001,8,26006000,HIDRANTES,,URBANISMO_INTERNO,true,MAESTRO
26006001.1001,10,26006001,"HIDRANTE TIPO TRAFICO < 6""",UN,URBANISMO_INTERNO,true,MAESTRO
26006001.1002,10,26006001,"HIDRANTE TIPO TRAFICO > 6""",UN,URBANISMO_INTERNO,true,MAESTRO
26007000,5,26000000,ESTRUCTURAS CONCRETO,,URBANISMO_INTERNO,true,MAESTRO
26007001,8,26007000,TANQUE SUBTERRANEO,,URBANISMO_INTERNO,true,MAESTRO
26007001.1001,10,26007001,TANQUE EXCAVACION <2.5m,M3,URBANISMO_INTERNO,true,MAESTRO
26007001.1002,10,26007001,TANQUE EXCAVACION >2.5m,M3,URBANISMO_INTERNO,true,MAESTRO
26007001.1003,10,26007001,TANQUE RETIRO TIERRA,M3,URBANISMO_INTERNO,true,MAESTRO
26007001.1004,10,26007001,TANQUE RELLENO PERIMETRAL,M3,URBANISMO_INTERNO,true,MAESTRO
26007001.1005,10,26007001,TANQUE REPLANTEO,M2,URBANISMO_INTERNO,true,MAESTRO
26007001.1006,10,26007001,TANQUE SOLADOS,M2,URBANISMO_INTERNO,true,MAESTRO
26007001.1007,10,26007001,TANQUE VIGAS CIMENTACION,M3,URBANISMO_INTERNO,true,MAESTRO
26007001.1008,10,26007001,TANQUE ZAPATAS CIMEN,M3,URBANISMO_INTERNO,true,MAESTRO
26007001.1009,10,26007001,TANQUE COLUMNAS,M3,URBANISMO_INTERNO,true,MAESTRO
26007001.1010,10,26007001,TANQUE LOSA FONDO,M2,URBANISMO_INTERNO,true,MAESTRO
26007001.1011,10,26007001,TANQUE MURO ARM 2 CARAS,M3,URBANISMO_INTERNO,true,MAESTRO
26007001.1012,10,26007001,TANQUE VIGA DESCOLG,ML,URBANISMO_INTERNO,true,MAESTRO
26007001.1013,10,26007001,TANQUE LOSA CUBIERTA,M2,URBANISMO_INTERNO,true,MAESTRO
26007001.1014,10,26007001,TANQUE CINTA PVC MURO,ML,URBANISMO_INTERNO,true,MAESTRO
26007001.1015,10,26007001,TANQUE FILTRO PERIMETRAL,ML,URBANISMO_INTERNO,true,MAESTRO
26007001.1016,10,26007001,TANQUE RESANE,M2,URBANISMO_INTERNO,true,MAESTRO
26007001.1017,10,26007001,TANQUE LAVADA DE TANQUE,M2,URBANISMO_INTERNO,true,MAESTRO
26007001.1018,10,26007001,TANQUE IMPERMEAB TQ T.C,M2,URBANISMO_INTERNO,true,MAESTRO
26007001.1019,10,26007001,TANQUE TAPA ACCESO,UN,URBANISMO_INTERNO,true,MAESTRO
26007001.1020,10,26007001,TANQUE ESCALERA GATO,UN,URBANISMO_INTERNO,true,MAESTRO
26007001.1021,10,26007001,TANQUE FLOTADOR,UN,URBANISMO_INTERNO,true,MAESTRO
26007001.1022,10,26007001,TANQUE CTO MAQ EXCAVACION,M3,URBANISMO_INTERNO,true,MAESTRO
26007001.1023,10,26007001,TANQUE CTO MAQ RETIRO TIERRA,M3,URBANISMO_INTERNO,true,MAESTRO
26007001.1024,10,26007001,TANQUE CTO MAQ REPLANTEO,M2,URBANISMO_INTERNO,true,MAESTRO
26007001.1025,10,26007001,TANQUE CTO MAQ SOLADOS,M2,URBANISMO_INTERNO,true,MAESTRO
26007001.1026,10,26007001,TANQUE CTO MAQ VIGA CIMENTA,M3,URBANISMO_INTERNO,true,MAESTRO
26007001.1027,10,26007001,TANQUE CTO MAQ LOSA FONDO,M2,URBANISMO_INTERNO,true,MAESTRO
26007001.1028,10,26007001,TANQUE CTO MAQ MURO ARM 2 CARA,M3,URBANISMO_INTERNO,true,MAESTRO
26007001.1029,10,26007001,TANQUE CTO MAQ LOSA CUBIERTA,M2,URBANISMO_INTERNO,true,MAESTRO
26007001.1030,10,26007001,TANQUE CTO MAQ FILTRO PERIMETR,ML,URBANISMO_INTERNO,true,MAESTRO
26007001.1031,10,26007001,TANQUE CTO MAQ IMPER  T.C,M2,URBANISMO_INTERNO,true,MAESTRO
26007001.1032,10,26007001,TANQUE DESPLAFONADA CUBIERTA,UN,URBANISMO_INTERNO,true,MAESTRO
26007001.1033,10,26007001,TANQUE FORMALETA GL,GL,URBANISMO_INTERNO,true,MAESTRO
26007001.1034,10,26007001,TANQUE EQUIPOS DE OBRA GL,GL,URBANISMO_INTERNO,true,MAESTRO
26007001.1035,10,26007001,TANQUE TRANSPORTE FORMALETA,GL,URBANISMO_INTERNO,true,MAESTRO
26007001.1036,10,26007001,TANQUE TRANSPORTE EQUIPOS,GL,URBANISMO_INTERNO,true,MAESTRO
26007001.1037,10,26007001,TANQUE PASAMUROS,UN,URBANISMO_INTERNO,true,MAESTRO
26007001.1038,10,26007001,TANQUE INSPECTOR SISO,MES,URBANISMO_INTERNO,true,MAESTRO
26008000,5,26000000,EQUIPOS BOMBEO,,URBANISMO_INTERNO,true,MAESTRO
26008002,8,26008000,EQUIPO BOMBEO CONSUMO,,URBANISMO_INTERNO,true,MAESTRO
26008002.1001,10,26008002,EQUIPO PRESION CONSTANTE,UN,URBANISMO_INTERNO,true,MAESTRO
26008003,8,26008000,EQUIPO BOMBEO INCENDIO,,URBANISMO_INTERNO,true,MAESTRO
26008003.1001,10,26008003,EQUIPO BOMBEO CONTRAINCENDIO,UN,URBANISMO_INTERNO,true,MAESTRO
26009000,5,26000000,RED CONTRA INCENDIO,,URBANISMO_INTERNO,true,MAESTRO
26009001,8,26009000,RED TUBERIA PVC,,URBANISMO_INTERNO,true,MAESTRO
26009001.1002,10,26009001,"RCI TUBERIA  4""",ML,URBANISMO_INTERNO,true,MAESTRO
26009001.1003,10,26009001,"RCI TUBERIA  6""",ML,URBANISMO_INTERNO,true,MAESTRO
26009001.1004,10,26009001,RCI TUBERIA PEAD 75 MM,ML,URBANISMO_INTERNO,true,MAESTRO
26009001.1005,10,26009001,RCI TUBERIA PEAD 90 MM,ML,URBANISMO_INTERNO,true,MAESTRO
26009001.1006,10,26009001,RCI TUBERIA PEAD 110 MM,ML,URBANISMO_INTERNO,true,MAESTRO
26009001.1007,10,26009001,RCI TUBERIA PEAD 160 MM,ML,URBANISMO_INTERNO,true,MAESTRO
26009001.1008,10,26009001,RCI TUBERIA PEAD 200 MM,ML,URBANISMO_INTERNO,true,MAESTRO
26009001.1009,10,26009001,RCI TUBERIA PEAD 250 MM,ML,URBANISMO_INTERNO,true,MAESTRO
26009001.1010,10,26009001,RCI TUBERIA PEAD 300 MM,ML,URBANISMO_INTERNO,true,MAESTRO
26009001.1011,10,26009001,RCI TUBERIA PEAD 315 MM,ML,URBANISMO_INTERNO,true,MAESTRO
26009005,8,26009000,SIAMESA,,URBANISMO_INTERNO,true,MAESTRO
26009005.1001,10,26009005,RCI SIAMESA,UN,URBANISMO_INTERNO,true,MAESTRO
26009005.1002,10,26009005,RCI CABEZAL DE PRUEBA,UN,URBANISMO_INTERNO,true,MAESTRO
26009005.1003,10,26009005,RCI VALVULAS,UN,URBANISMO_INTERNO,true,MAESTRO
26010000,5,26000000,RED DE GAS,,URBANISMO_INTERNO,true,MAESTRO
26010004,8,26010000,RED DE GAS,,URBANISMO_INTERNO,true,MAESTRO
26010004.1001,10,26010004,EXCAV-RELLENO-RED DE GAS ML,ML,URBANISMO_INTERNO,true,MAESTRO
27000000,4,,VIAS,,URBANISMO_INTERNO,true,MAESTRO
27002000,5,27000000,PAVIMENTO RIGIDO-FLEXIBLE,,URBANISMO_INTERNO,true,MAESTRO
27002003,8,27002000,MEZCLA ASFALTICA,,URBANISMO_INTERNO,true,MAESTRO
27002003.1001,10,27002003,VIA MEZCLA ASF EXTERNA,M2,URBANISMO_INTERNO,true,MAESTRO
27002003.1002,10,27002003,VIA MEZCLA ASF INTERNA,M2,URBANISMO_INTERNO,true,MAESTRO
27002005,8,27002000,PAVIMENTO RIGIDO,,URBANISMO_INTERNO,true,MAESTRO
27002005.1001,10,27002005,PAVIMENTO CONCRETO VIA EXT,M2,URBANISMO_INTERNO,true,MAESTRO
27002005.1002,10,27002005,PAVIMENTO CONCRETO VIA INT,M2,URBANISMO_INTERNO,true,MAESTRO
27002006,8,27002000,PAVIMENTO ADOQUIN,,URBANISMO_INTERNO,true,MAESTRO
27002006.1001,10,27002006,PAVIMENTO EN ADOQUIN,M2,URBANISMO_INTERNO,true,MAESTRO
27002007,8,27002000,TOPELLANTAS,,URBANISMO_INTERNO,true,MAESTRO
27002007.1001,10,27002007,SUM INST TOPELLANTAS,UN,URBANISMO_INTERNO,true,MAESTRO
27002008,8,27002000,TRANSPORTE MAQUINARIA,,URBANISMO_INTERNO,true,MAESTRO
27002008.1001,10,27002008,TRANSPORTE MAQUIN. VIAS,UN,URBANISMO_INTERNO,true,MAESTRO
27003000,5,27000000,PEATONALES,,URBANISMO_INTERNO,true,MAESTRO
27003005,8,27003000,CINTA EN CONCRETO,,URBANISMO_INTERNO,true,MAESTRO
27003005.1001,10,27003005,CINTA ANDENES  ML,ML,URBANISMO_INTERNO,true,MAESTRO
27003006,8,27003000,SARDINEL,,URBANISMO_INTERNO,true,MAESTRO
27003006.1001,10,27003006,SARDINEL FUNDIDO EN SITIO,ML,URBANISMO_INTERNO,true,MAESTRO
27003006.1002,10,27003006,SARDINEL PREFABRICADO,ML,URBANISMO_INTERNO,true,MAESTRO
27003006.1003,10,27003006,BORDILLO PREFABRICADO,ML,URBANISMO_INTERNO,true,MAESTRO
27003007,8,27003000,ANDEN EN CONCRETO,,URBANISMO_INTERNO,true,MAESTRO
27003007.1001,10,27003007,ANDEN  EN CONCRETO,M2,URBANISMO_INTERNO,true,MAESTRO
27003007.1003,10,27003007,ANDEN  EN CONCRETO +LOSET GUIA,M2,URBANISMO_INTERNO,true,MAESTRO
27003007.1004,10,27003007,ANDEN CONCRETO ESTAMP+DILATADO,M2,URBANISMO_INTERNO,true,MAESTRO
27003007.1005,10,27003007,POMPEYANO EN CONCRETO,M2,URBANISMO_INTERNO,true,MAESTRO
27003007.1006,10,27003007,ANDEN PERIMETRAL TORRES,ML,URBANISMO_INTERNO,true,MAESTRO
27003010,8,27003000,ANDEN EN ADOQUIN,,URBANISMO_INTERNO,true,MAESTRO
27003010.1003,10,27003010,ANDEN PISO ADOQUIN,M2,URBANISMO_INTERNO,true,MAESTRO
27003010.1004,10,27003010,ANDEN PISO GRAMOQUIN,M2,URBANISMO_INTERNO,true,MAESTRO
27003015,8,27003000,PISO EN BALDOSA,,URBANISMO_INTERNO,true,MAESTRO
27003015.1005,10,27003015,ANDEN  LOSETA GRIS,M2,URBANISMO_INTERNO,true,MAESTRO
27003015.1006,10,27003015,ANDEN  LOSETA TOPEROL,UN,URBANISMO_INTERNO,true,MAESTRO
27003015.1007,10,27003015,ANDEN  LOSETA GUIA,ML,URBANISMO_INTERNO,true,MAESTRO
27003021,8,27003000,RAMPA MINUSVALIDOS,,URBANISMO_INTERNO,true,MAESTRO
27003021.1001,10,27003021,RAMPAS PEATONAL EN CONCRETO,M2,URBANISMO_INTERNO,true,MAESTRO
27003023,8,27003000,CICLO RUTA,,URBANISMO_INTERNO,true,MAESTRO
27003023.1001,10,27003023,CICLO RUTA MEZCLA ASFALTICA,M2,URBANISMO_INTERNO,true,MAESTRO
27003023.1002,10,27003023,CICLO RUTA PAV RIGIDO,M2,URBANISMO_INTERNO,true,MAESTRO
27003024,8,27003000,SENDEROS Y PLAZOLETAS,,URBANISMO_INTERNO,true,MAESTRO
27003024.1001,10,27003024,HUELLA EN CONCRETO,M2,URBANISMO_INTERNO,true,MAESTRO
27005000,5,27000000,DEMOL Y REPOS. PAVIMENTO,,URBANISMO_INTERNO,true,MAESTRO
27005005,8,27005000,REPARCHEO ASFALTICO,,URBANISMO_INTERNO,true,MAESTRO
27005005.1001,10,27005005,ROTURA-REPOS PAVIM ACUE,M2,URBANISMO_INTERNO,true,MAESTRO
27005005.1002,10,27005005,ROTURA-REPOS PAVIM ALCAN,M2,URBANISMO_INTERNO,true,MAESTRO
27006000,5,27000000,FORMALETA VIAS,,URBANISMO_INTERNO,true,MAESTRO
27006001,8,27006000,FORMALETA GL,,URBANISMO_INTERNO,true,MAESTRO
27006001.1002,10,27006001,FORMALETA VIAS,UN,URBANISMO_INTERNO,true,MAESTRO
27007000,5,27000000,EQUIPOS VIAS,,URBANISMO_INTERNO,true,MAESTRO
27007001,8,27007000,EQUIPOS DE OBRA,,URBANISMO_INTERNO,true,MAESTRO
27007001.1001,10,27007001,COMPACTADOR ANDENES,UN,URBANISMO_INTERNO,true,MAESTRO
28000000,4,,RED ELECTRICA Y TELEFONICA,,URBANISMO_INTERNO,true,MAESTRO
28002000,5,28000000,RED ELECTR. BAJA TENSION,,URBANISMO_INTERNO,true,MAESTRO
28002006,8,28002000,PLANTA EMERGENCIA,,URBANISMO_INTERNO,true,MAESTRO
28002006.1001,10,28002006,PLANTA EMERGEN.-CABINA,UN,URBANISMO_INTERNO,true,MAESTRO
28002006.1002,10,28002006,TUBERIA ESCAPE PLANTA EMERG.,ML,URBANISMO_INTERNO,true,MAESTRO
29000000,4,,PARQUES Y ZONAS VERDES,,URBANISMO_EXTERNO,true,MAESTRO
29001000,5,29000000,PRADOS,,URBANISMO_EXTERNO,true,MAESTRO
29001004,8,29001000,REPLANTEO,,URBANISMO_EXTERNO,true,MAESTRO
29001004.1001,10,29001004,REPLANTEO ZONA VERDE,M2,URBANISMO_EXTERNO,true,MAESTRO
29001006,8,29001000,PRADOS,,URBANISMO_EXTERNO,true,MAESTRO
29001006.1001,10,29001006,PRADOS ZONA VERDE,M2,URBANISMO_EXTERNO,true,MAESTRO
29001999,8,29001000,ACTIVIDADES VARIAS,,URBANISMO_EXTERNO,true,MAESTRO
29001999.1001,10,29001999,PRADOS ACTIVIDAD AYUD,UN,URBANISMO_EXTERNO,true,MAESTRO
29002000,5,29000000,ARBOLES,,URBANISMO_EXTERNO,true,MAESTRO
29002001,8,29002000,ARBOLES,,URBANISMO_EXTERNO,true,MAESTRO
29002001.1001,10,29002001,HUECO ARBOLES,UN,URBANISMO_EXTERNO,true,MAESTRO
29002001.1002,10,29002001,SIEMBRA ARBOLES,UN,URBANISMO_EXTERNO,true,MAESTRO
29002001.1003,10,29002001,SUMINISTRO ARBOL MEDIANO,UN,URBANISMO_EXTERNO,true,MAESTRO
29002003,8,29002000,JARDIN ORNAMENTAL,,URBANISMO_EXTERNO,true,MAESTRO
29002003.1001,10,29002003,JARDINES ORNAMENTALES,GL,URBANISMO_EXTERNO,true,MAESTRO
29002004,8,29002000,CONTENEDOR DE RAICES,,URBANISMO_EXTERNO,true,MAESTRO
29002004.1001,10,29002004,ZVERDE CONTENEDOR DE RAICES,UN,URBANISMO_EXTERNO,true,MAESTRO
29002006,8,29002000,JARDINERAS,,URBANISMO_EXTERNO,true,MAESTRO
29002006.1001,10,29002006,JARDINERAS MAMPOSTERIA,M2,URBANISMO_EXTERNO,true,MAESTRO
29002006.1002,10,29002006,JARDINERAS MAMP ANCLAJE,UN,URBANISMO_EXTERNO,true,MAESTRO
29002006.1003,10,29002006,JARDINERAS FRISO,M2,URBANISMO_EXTERNO,true,MAESTRO
29002006.1004,10,29002006,JARDINERAS IMPERMEABILIZACION,M2,URBANISMO_EXTERNO,true,MAESTRO
29002006.1005,10,29002006,JARDINERAS EN CONCRETO,M2,URBANISMO_EXTERNO,true,MAESTRO
29030000,5,29000000,ARBOLES COMPENSACION,,URBANISMO_EXTERNO,true,MAESTRO
29030001,8,29030000,ARBOLES COMPENSACION,,URBANISMO_EXTERNO,true,MAESTRO
29030001.1001,10,29030001,ARBOLES COMPENSACION,UN,URBANISMO_EXTERNO,true,MAESTRO
02002003,8,02002000,CONCRETO LIMPIEZA,UN,EDIFICACION,true,ALTA_REQUERIDA:BAIKAL TORRE 3 V01
02002003.1001,10,02002003,CIM SOLADO VG CIM,M2,EDIFICACION,true,ALTA_REQUERIDA:BAIKAL TORRE 3 V01
03001000,5,03000000,EXCAVACIONES Y RELLENOS,UN,EDIFICACION,true,ALTA_REQUERIDA:BAIKAL TORRE 3 V01
03001001,8,03001000,EXC A MANO EN COMUN,UN,EDIFICACION,true,ALTA_REQUERIDA:BAIKAL TORRE 3 V01
03001001.1001,10,03001001,EXC A MANO COMUN <2.5MTS,M3,EDIFICACION,true,ALTA_REQUERIDA:BAIKAL TORRE 3 V01
03001004,8,03001000,RETIRO DE TIERRA,UN,EDIFICACION,true,ALTA_REQUERIDA:BAIKAL TORRE 3 V01
03001004.1001,10,03001004,RETIRO TIERRA DESAGUES,M3,EDIFICACION,true,ALTA_REQUERIDA:BAIKAL TORRE 3 V01
03004000,5,03000000,PUNTOS SANITARIOS,UN,EDIFICACION,true,ALTA_REQUERIDA:BAIKAL TORRE 3 V01
03004001,8,03004000,PTO SANITARIO P1 PVC,UN,EDIFICACION,true,ALTA_REQUERIDA:BAIKAL TORRE 3 V01
03004001.1097,10,03004001,PRUEBA DE ESTANQUEIDAD,UN,EDIFICACION,true,ALTA_REQUERIDA:BAIKAL TORRE 3 V01
05001000,5,05000000,FRISOS EXTERIORES,UN,EDIFICACION,true,ALTA_REQUERIDA:BAIKAL TORRE 3 V01
05001005,8,05001000,ARMADA POLEAS ANDAMIOS,UN,EDIFICACION,true,ALTA_REQUERIDA:BAIKAL TORRE 3 V01
05001005.1401,10,05001005,ARMADA POLEAS ANDAMIOS,UN,EDIFICACION,true,ALTA_REQUERIDA:BAIKAL TORRE 3 V01
05007000,5,05000000,EQUIPOS FRISOS,UN,EDIFICACION,true,ALTA_REQUERIDA:BAIKAL TORRE 3 V01
05007001,8,05007000,EQUIPOS DE OBRA,UN,EDIFICACION,true,ALTA_REQUERIDA:BAIKAL TORRE 3 V01
05007001.1002,10,05007001,FRISOS EQUIPOS,UN,EDIFICACION,true,ALTA_REQUERIDA:BAIKAL TORRE 3 V01
05007002,8,05007000,OPERADORES EQUIPOS,UN,EDIFICACION,true,ALTA_REQUERIDA:BAIKAL TORRE 3 V01
05007002.1001,10,05007002,FRISO MALACATERO,UN,EDIFICACION,true,ALTA_REQUERIDA:BAIKAL TORRE 3 V01
06003008.1001,10,06003008,EST PLACA MACIZA CUB e= 0.12m,M2,EDIFICACION,true,ALTA_REQUERIDA:BAIKAL TORRE 3 V01
06003018.1405,10,06003018,EST RESANE FACHADA,UN,EDIFICACION,true,ALTA_REQUERIDA:BAIKAL TORRE 3 V01
08001002.1003,10,08001002,CRASO DRYWALL CARTERAS,ML,EDIFICACION,true,ALTA_REQUERIDA:BAIKAL TORRE 3 V01
09002004,8,09002000,SUBIDA DE MATERIAL,UN,EDIFICACION,true,ALTA_REQUERIDA:BAIKAL TORRE 3 V01
09002004.1001,10,09002004,PISO MORTEROS SUBIDA MATERIAL,UN,EDIFICACION,true,ALTA_REQUERIDA:BAIKAL TORRE 3 V01
09006016,8,09006000,SUBIDA DE MATERIAL,UN,EDIFICACION,true,ALTA_REQUERIDA:BAIKAL TORRE 3 V01
09006016.1001,10,09006016,PISOS SUBIDA MATERIAL,UN,EDIFICACION,true,ALTA_REQUERIDA:BAIKAL TORRE 3 V01
10001003,8,10001000,ENCHAPE CERAMICA BAÑOS,UN,EDIFICACION,true,ALTA_REQUERIDA:BAIKAL TORRE 3 V01
10001003.1801,10,10001003,ENCHAPE BAÑO PPAL,M2,EDIFICACION,true,ALTA_REQUERIDA:BAIKAL TORRE 3 V01
10001003.1803,10,10001003,ENCHAPE BAÑO AUX,M2,EDIFICACION,true,ALTA_REQUERIDA:BAIKAL TORRE 3 V01
10001003.1809,10,10001003,ENCHAPE INSTALACION WIN BAÑOS,ML,EDIFICACION,true,ALTA_REQUERIDA:BAIKAL TORRE 3 V01
11001004,8,11001000,INSTAL. MEDIDOR AGUA,UN,EDIFICACION,true,ALTA_REQUERIDA:BAIKAL TORRE 3 V01
11001004.0100,10,11001004,INSTAL. MEDIDOR AGUA,UN,EDIFICACION,true,ALTA_REQUERIDA:BAIKAL TORRE 3 V01
11001007,8,11001000,PTO AGUA CAL-RED CPVC,UN,EDIFICACION,true,ALTA_REQUERIDA:BAIKAL TORRE 3 V01
11001007.1026,10,11001007,PUNTO AGUA CALIENTE,PTO,EDIFICACION,true,ALTA_REQUERIDA:BAIKAL TORRE 3 V01
11001010,8,11001000,VALVULAS,UN,EDIFICACION,true,ALTA_REQUERIDA:BAIKAL TORRE 3 V01
11001010.1001,10,11001010,VALVULAS,UN,EDIFICACION,true,ALTA_REQUERIDA:BAIKAL TORRE 3 V01
11003005.1081,10,11003005,PUNTO BAJANTE VENT,UN,EDIFICACION,true,ALTA_REQUERIDA:BAIKAL TORRE 3 V01
11007998.1001,10,11007998,RED C.INCENDIO CONTRATO,UN,EDIFICACION,true,ALTA_REQUERIDA:BAIKAL TORRE 3 V01
12000000,4,,INSTALACIONES ELECTRICAS,UN,EDIFICACION,true,ALTA_REQUERIDA:BAIKAL TORRE 3 V01
12001000,5,12000000,INSTALACIONES ELECTRICAS,UN,EDIFICACION,true,ALTA_REQUERIDA:BAIKAL TORRE 3 V01
12001020,8,12001000,INSTAL. INTERNAS T.C.,UN,EDIFICACION,true,ALTA_REQUERIDA:BAIKAL TORRE 3 V01
12001020.0100,10,12001020,INST INTERNAS T.C.,UN,EDIFICACION,true,ALTA_REQUERIDA:BAIKAL TORRE 3 V01
12002000,5,12000000,TELEVISION Y TELEFONO,UN,EDIFICACION,true,ALTA_REQUERIDA:BAIKAL TORRE 3 V01
12002006,8,12002000,PUNTO PARA CITOFONO,UN,EDIFICACION,true,ALTA_REQUERIDA:BAIKAL TORRE 3 V01
12002006.1001,10,12002006,PUNTO PARA CITOFONO,UN,EDIFICACION,true,ALTA_REQUERIDA:BAIKAL TORRE 3 V01
12003000,5,12000000,DETECCION INCENDIO,UN,EDIFICACION,true,ALTA_REQUERIDA:BAIKAL TORRE 3 V01
12003001,8,12003000,DETECCION INCENDIO,UN,EDIFICACION,true,ALTA_REQUERIDA:BAIKAL TORRE 3 V01
12003001.0100,10,12003001,DETECCION Y ALARMA,UN,EDIFICACION,true,ALTA_REQUERIDA:BAIKAL TORRE 3 V01
13001008,8,13001000,SANITARIOS,UN,EDIFICACION,true,ALTA_REQUERIDA:BAIKAL TORRE 3 V01
13001008.1001,10,13001008,SANITARIOS,UN,EDIFICACION,true,ALTA_REQUERIDA:BAIKAL TORRE 3 V01
13001015,8,13001000,JGO INCRUSTACIONES,UN,EDIFICACION,true,ALTA_REQUERIDA:BAIKAL TORRE 3 V01
13001015.1001,10,13001015,INCRUSTACIONES BAÑO,UN,EDIFICACION,true,ALTA_REQUERIDA:BAIKAL TORRE 3 V01
13003000,5,13000000,MEZCLADORES Y GRIFERIA,UN,EDIFICACION,true,ALTA_REQUERIDA:BAIKAL TORRE 3 V01
13003001,8,13003000,MEZCLADOR DUCHAS,UN,EDIFICACION,true,ALTA_REQUERIDA:BAIKAL TORRE 3 V01
13003001.1001,10,13003001,MEZCLADOR DUCHAS,UN,EDIFICACION,true,ALTA_REQUERIDA:BAIKAL TORRE 3 V01
13005000,5,13000000,LAVADEROS Y LAVAPLATOS,UN,EDIFICACION,true,ALTA_REQUERIDA:BAIKAL TORRE 3 V01
13005003,8,13005000,LAVADERO FIBRA VIDRIO,UN,EDIFICACION,true,ALTA_REQUERIDA:BAIKAL TORRE 3 V01
13005003.1002,10,13005003,LAVADERO FIBRA DE VIDRIO,UN,EDIFICACION,true,ALTA_REQUERIDA:BAIKAL TORRE 3 V01
13005004,8,13005000,LAVAPLATOS ACERO INOX.,UN,EDIFICACION,true,ALTA_REQUERIDA:BAIKAL TORRE 3 V01
13005004.1001,10,13005004,LAVAPLATOS,UN,EDIFICACION,true,ALTA_REQUERIDA:BAIKAL TORRE 3 V01
13006006,8,13006000,LLAVE TERMINAL,UN,EDIFICACION,true,ALTA_REQUERIDA:BAIKAL TORRE 3 V01
13006006.1002,10,13006006,LLAVE LAVADORA,UN,EDIFICACION,true,ALTA_REQUERIDA:BAIKAL TORRE 3 V01
13006006.1003,10,13006006,CAJA DE LAVADORA INC DETALLADA,UN,EDIFICACION,true,ALTA_REQUERIDA:BAIKAL TORRE 3 V01
14004001.1108,10,14004001,CLOSET DE MADERA,ML,EDIFICACION,true,ALTA_REQUERIDA:BAIKAL TORRE 3 V01
14004002.1310,10,14004002,VESTIER ALC PPAL,ML,EDIFICACION,true,ALTA_REQUERIDA:BAIKAL TORRE 3 V01
14004003.1010,10,14004003,MUEBLE SUP COCINA,ML,EDIFICACION,true,ALTA_REQUERIDA:BAIKAL TORRE 3 V01
14004003.1118,10,14004003,MUEBLE INF COCINA,ML,EDIFICACION,true,ALTA_REQUERIDA:BAIKAL TORRE 3 V01
15001004.1021,10,15001004,PTA VENT ALUMINIO BALCON/SALA,UN,EDIFICACION,true,ALTA_REQUERIDA:BAIKAL TORRE 3 V01
15001005.1018,10,15001005,VENTANERIA,UN,EDIFICACION,true,ALTA_REQUERIDA:BAIKAL TORRE 3 V01
15001006.1010,10,15001006,DIVISION DE BAÑO VIDRIO,UN,EDIFICACION,true,ALTA_REQUERIDA:BAIKAL TORRE 3 V01
16002002,8,16002000,HORNO,UN,EDIFICACION,true,ALTA_REQUERIDA:BAIKAL TORRE 3 V01
16002002.1001,10,16002002,HORNO,UN,EDIFICACION,true,ALTA_REQUERIDA:BAIKAL TORRE 3 V01
16002003,8,16002000,MODULO DE EMPOTRAR,UN,EDIFICACION,true,ALTA_REQUERIDA:BAIKAL TORRE 3 V01
16002003.1001,10,16002003,ESTUFA DE EMPOTRAR,UN,EDIFICACION,true,ALTA_REQUERIDA:BAIKAL TORRE 3 V01
19001002.1401,10,19001002,GRANIPLAST FACH/PFIJO/VACIOS,M2,EDIFICACION,true,ALTA_REQUERIDA:BAIKAL TORRE 3 V01
19001005,8,19001000,PINTURA ALFAJIAS,UN,EDIFICACION,true,ALTA_REQUERIDA:BAIKAL TORRE 3 V01
19001005.1410,10,19001005,PINTURA ALFAGIA CUBIERTA,ML,EDIFICACION,true,ALTA_REQUERIDA:BAIKAL TORRE 3 V01
19001006,8,19001000,ARMADA POLEAS ANDAMIOS,UN,EDIFICACION,true,ALTA_REQUERIDA:BAIKAL TORRE 3 V01
19001006.1401,10,19001006,PINT FACHADA ARMADA ANDAMIOS,UN,EDIFICACION,true,ALTA_REQUERIDA:BAIKAL TORRE 3 V01
19011000,5,19000000,EQUIPOS PINTURA,UN,EDIFICACION,true,ALTA_REQUERIDA:BAIKAL TORRE 3 V01
19011001,8,19011000,EQUIPOS DE OBRA,UN,EDIFICACION,true,ALTA_REQUERIDA:BAIKAL TORRE 3 V01
19011001.1001,10,19011001,PINT FACHADA MANTENIMIENTO EQ,UN,EDIFICACION,true,ALTA_REQUERIDA:BAIKAL TORRE 3 V01
